Date,Gold:AM,Gold:PM,Silver,Platinum:AM,Platinum:PM,Palladium:AM,Palladium:PM
2006-01-03,520.75,530.00,9.0400,982.00,982.00,261.00,265.00
2006-01-04,534.35,529.50,9.1400,995.00,990.00,275.00,269.00
2006-01-05,531.60,524.75,8.9900,990.00,,267.00,
2006-01-06,529.50,535.25,8.8300,989.00,993.00,262.00,267.00
2006-01-09,541.00,541.50,9.1000,998.00,996.00,273.00,273.00
2006-01-10,545.25,543.50,9.0400,1020.00,1017.00,275.00,275.00
2006-01-11,542.25,544.40,8.9000,1008.00,1008.00,269.00,269.00
2006-01-12,547.50,542.50,9.0000,1017.00,1017.00,272.00,271.00
2006-01-13,547.25,548.25,9.0100,1029.00,1027.00,273.00,273.00
2006-01-16,559.40,561.75,9.1900,1042.00,1049.00,283.00,287.00
2006-01-17,558.05,553.25,9.0350,1039.00,1034.00,282.00,278.50
2006-01-18,544.75,545.00,8.8750,1025.00,1027.00,266.00,271.00
2006-01-19,547.70,554.75,8.9050,1039.00,1039.00,272.50,271.00
2006-01-20,559.25,567.25,9.0800,1042.00,1045.00,276.00,278.00
2006-01-23,558.50,554.50,8.9250,1041.00,1042.00,276.00,276.00
2006-01-24,556.65,557.25,9.0000,1043.00,1043.00,274.00,274.00
2006-01-25,562.25,561.75,9.4250,1056.00,1058.00,277.00,277.00
2006-01-26,562.25,556.50,9.4900,1061.00,1052.00,278.00,273.00
2006-01-27,559.75,561.75,9.6900,1055.00,1058.00,274.00,273.00
2006-01-30,560.30,565.00,9.6550,1065.00,1073.00,274.00,276.00
2006-01-31,569.80,568.75,9.9100,1074.00,1072.00,282.00,290.00
2006-02-01,567.20,568.25,9.7700,1070.00,1074.00,287.00,292.00
2006-02-02,571.85,572.15,9.8200,1078.00,1079.00,296.00,297.00
2006-02-03,571.85,569.00,9.8100,1080.00,1079.00,315.00,315.00
2006-02-06,570.00,569.75,9.7600,1078.00,1075.00,313.00,302.00
2006-02-07,568.25,558.70,9.7200,1069.00,1062.00,302.00,295.00
2006-02-08,548.65,548.75,9.2750,1048.00,1050.00,286.00,288.00
2006-02-09,559.00,560.25,9.5000,1065.00,1066.00,298.00,298.00
2006-02-10,558.75,557.00,9.5500,1062.00,1062.00,294.00,294.00
2006-02-13,546.60,549.30,9.2600,1026.00,1029.00,278.00,282.00
2006-02-14,540.50,539.70,9.2200,1009.00,1013.00,276.00,276.00
2006-02-15,544.30,540.50,9.3200,1013.00,1014.00,281.00,283.00
2006-02-16,540.65,538.75,9.2000,1002.00,997.00,277.00,273.00
2006-02-17,545.75,551.70,9.4600,1008.00,1012.00,280.00,283.00
2006-02-20,556.00,554.50,9.5400,1025.00,1030.00,289.00,290.00
2006-02-21,553.40,554.00,9.4900,1027.00,1023.00,289.00,289.00
2006-02-22,551.75,553.00,9.5300,1026.00,1024.00,289.00,290.00
2006-02-23,552.50,551.20,9.5725,1024.00,1026.00,285.00,286.00
2006-02-24,550.75,554.15,9.5400,1028.00,1032.00,284.00,284.00
2006-02-27,556.10,553.25,9.6650,1037.00,1037.00,284.00,283.00
2006-02-28,556.50,556.00,9.6950,1046.00,1051.00,282.00,286.00
2006-03-01,562.60,564.25,9.8000,1046.00,1046.00,286.00,288.00
2006-03-02,563.75,563.75,9.7875,1051.00,1051.00,292.00,292.00
2006-03-03,568.60,565.00,10.2600,1063.00,1059.00,305.00,303.00
2006-03-06,568.00,565.25,10.2200,1053.00,1059.00,303.00,300.00
2006-03-07,555.25,553.00,9.9950,1040.00,1039.00,294.00,297.00
2006-03-08,548.60,544.75,9.9500,1024.00,1010.00,286.00,283.00
2006-03-09,547.25,550.10,9.8750,1017.00,1017.00,284.00,283.00
2006-03-10,545.40,535.00,9.8550,1012.00,1006.00,289.00,286.00
2006-03-13,545.25,543.50,10.0150,1015.00,1018.00,289.00,290.00
2006-03-14,545.25,545.80,10.0650,1016.00,1018.00,299.00,300.00
2006-03-15,551.25,556.50,10.2500,1028.00,1030.00,305.00,316.00
2006-03-16,553.25,552.75,10.2750,1020.00,1028.00,312.00,314.00
2006-03-17,555.50,552.75,10.3650,1033.00,1033.00,313.00,316.00
2006-03-20,554.25,555.75,10.3400,1038.00,1036.00,315.00,315.00
2006-03-21,553.00,547.50,10.2800,1036.00,1035.00,309.00,313.00
2006-03-22,548.50,550.75,10.5300,1040.00,1040.00,317.00,317.00
2006-03-23,548.00,546.50,10.5000,1038.00,1037.00,314.00,315.00
2006-03-24,549.75,556.75,10.6800,1042.00,1042.00,320.00,324.00
2006-03-27,564.00,565.00,10.8950,1059.00,1059.00,333.00,338.00
2006-03-28,563.75,567.50,10.8100,1070.00,1067.00,338.00,337.00
2006-03-29,562.25,565.00,10.8750,1062.00,1065.00,328.00,330.00
2006-03-30,578.50,584.00,11.4500,1082.00,1084.00,344.00,345.00
2006-03-31,584.00,582.00,11.7550,1080.00,1076.00,335.00,332.00
2006-04-03,585.50,587.00,11.5850,1075.00,1072.00,336.00,339.00
2006-04-04,585.00,588.00,11.7450,1075.00,1075.00,335.00,336.00
2006-04-05,583.85,586.50,11.6550,1063.00,1070.00,334.00,338.00
2006-04-06,595.50,592.50,12.0300,1082.00,1084.00,354.00,350.00
2006-04-07,597.00,589.75,12.1650,1082.00,1074.00,350.00,348.00
2006-04-10,597.50,597.25,12.4175,1085.00,1095.00,355.00,357.00
2006-04-11,599.50,597.75,12.6700,1090.00,1086.00,360.00,357.00
2006-04-12,596.75,597.25,12.7500,1083.00,1087.00,341.00,345.00
2006-04-13,597.00,593.00,12.6100,1075.00,1075.00,340.00,343.00
2006-04-18,616.75,614.75,13.6350,1101.00,1105.00,359.75,354.75
2006-04-19,623.75,624.75,14.2700,1117.00,1117.00,366.00,369.00
2006-04-20,644.50,625.00,14.3100,1130.00,1121.00,370.00,363.00
2006-04-21,623.50,623.50,12.1850,1108.00,1115.00,349.00,350.00
2006-04-24,634.00,622.50,12.7800,1126.00,1120.00,364.00,358.00
2006-04-25,627.75,634.75,12.4650,1121.00,1127.00,357.00,360.00
2006-04-26,630.75,635.50,12.7200,1130.00,1130.00,363.00,359.00
2006-04-27,636.50,638.00,12.5200,1140.00,1127.00,363.00,360.00
2006-04-28,638.25,644.00,12.5550,1149.00,1145.00,362.00,362.00
2006-05-02,657.75,661.00,13.9200,1164.00,1170.00,378.00,376.00
2006-05-03,675.25,673.60,14.4200,1184.00,1184.00,385.00,381.00
2006-05-04,664.65,673.50,13.6850,1170.00,1174.00,370.00,375.00
2006-05-05,682.00,678.00,14.0700,1175.00,1180.00,378.00,378.00
2006-05-08,682.00,675.50,13.7500,1190.00,1188.00,377.00,375.00
2006-05-09,679.75,691.25,13.8950,1206.00,1229.00,376.00,382.00
2006-05-10,704.30,699.90,14.3400,1259.00,1245.00,388.00,388.00
2006-05-11,707.00,715.50,14.4300,1274.00,1293.00,390.00,397.50
2006-05-12,725.75,725.00,14.9400,1335.00,1325.00,402.00,404.00
2006-05-15,693.00,687.50,13.2500,1293.00,1290.00,377.00,367.00
2006-05-16,681.00,692.00,13.2200,1275.00,1297.00,362.00,377.00
2006-05-17,713.00,699.50,13.8200,1335.00,1331.00,384.00,388.00
2006-05-18,688.00,693.50,13.1200,1320.00,1325.00,373.00,377.00
2006-05-19,682.00,651.50,12.4300,1313.00,1302.00,365.00,345.00
2006-05-22,645.50,652.50,12.1600,1278.00,1278.00,338.00,336.00
2006-05-23,661.70,666.75,12.8700,1293.00,1304.00,340.00,351.50
2006-05-24,667.50,648.50,12.8000,1322.00,1295.00,360.00,348.00
2006-05-25,643.75,642.50,12.5700,1290.00,1285.00,342.00,348.00
2006-05-26,652.00,642.25,12.7000,1295.00,1292.00,352.00,351.00
2006-05-30,652.25,660.50,12.9000,1292.00,1295.00,353.00,355.00
2006-06-01,633.25,625.00,12.0500,1244.00,1225.00,343.00,338.00
2006-06-02,630.80,632.25,12.1500,1227.00,1240.00,342.00,348.00
2006-06-05,644.50,641.80,12.3700,1258.00,1253.00,361.00,359.50
2006-06-06,634.60,627.00,11.8700,1243.00,1233.00,349.00,347.00
2006-06-07,623.50,617.75,11.4600,1234.00,1233.00,334.00,347.00
2006-06-08,619.00,614.00,11.5500,1221.00,1218.00,319.00,327.00
2006-06-09,612.25,616.00,11.4100,1195.00,1200.00,315.00,324.00
2006-06-12,607.75,609.20,11.0200,1189.00,1177.00,317.00,318.00
2006-06-13,590.75,586.50,10.4700,1135.00,1135.00,289.00,282.00
2006-06-14,567.25,567.75,9.7200,1128.00,1125.00,286.00,285.00
2006-06-15,574.25,569.50,10.1500,1148.00,1164.00,298.00,298.00
2006-06-16,581.50,574.00,10.2800,1158.00,1158.00,305.00,307.00
2006-06-19,569.75,571.00,9.8900,1140.00,1138.00,298.00,298.00
2006-06-20,571.00,567.00,10.1500,1160.00,1158.00,295.00,297.00
2006-06-21,576.50,574.60,10.2700,1172.00,1175.00,306.00,307.00
2006-06-22,594.40,584.50,10.5400,1198.00,1186.00,317.00,316.00
2006-06-23,582.60,579.60,10.0900,,,,
2006-06-26,586.25,583.50,10.3600,1176.00,1184.00,310.00,316.00
2006-06-27,587.70,588.75,10.2600,1186.00,1183.00,314.00,315.00
2006-06-28,584.00,582.75,10.3800,1184.00,1189.00,309.00,311.00
2006-06-29,581.75,589.25,10.3800,1185.00,1191.00,307.00,311.00
2006-06-30,600.40,613.50,10.7000,1212.00,1226.00,316.00,312.00
2006-07-03,619.50,622.95,11.2800,1243.00,1239.00,326.00,326.00
2006-07-04,620.90,622.00,11.2300,1234.00,1230.00,326.00,324.00
2006-07-05,625.75,623.00,11.4500,1227.00,1232.00,324.50,323.00
2006-07-06,623.75,626.00,11.3100,1226.00,1230.00,320.00,320.00
2006-07-07,631.00,631.50,11.5100,1232.00,1230.00,325.00,323.00
2006-07-10,624.50,626.00,11.0400,1222.00,1215.00,318.00,317.00
2006-07-11,628.35,630.75,11.2900,1230.00,1232.00,322.00,323.00
2006-07-12,642.00,650.00,11.7500,1253.00,1258.00,327.00,327.00
2006-07-13,648.80,649.50,11.6200,1250.00,1252.00,327.00,328.50
2006-07-14,660.40,663.25,11.6300,1248.00,1252.00,330.00,328.00
2006-07-17,671.50,652.50,11.5000,1252.00,1242.00,328.00,320.00
2006-07-18,647.50,645.10,11.0100,1230.00,1230.50,316.00,316.00
2006-07-19,626.00,641.60,10.5200,1211.00,1210.00,310.00,308.00
2006-07-20,642.90,642.50,11.0800,1222.00,1220.00,314.00,312.00
2006-07-21,626.75,634.00,11.0100,1213.00,1216.00,308.00,308.00
2006-07-24,616.40,605.70,10.7400,1204.00,1196.00,304.00,307.00
2006-07-25,618.75,618.75,11.0100,1219.00,1228.00,313.00,311.50
2006-07-26,617.75,614.30,10.9000,1220.00,1217.00,314.00,313.00
2006-07-27,634.20,639.00,11.2200,1231.00,1233.00,315.00,316.75
2006-07-28,631.25,637.10,11.3400,1218.00,1215.00,310.00,313.00
2006-08-01,635.50,637.25,11.3550,1227.00,1231.00,313.00,316.00
2006-08-02,648.25,654.40,11.7500,1247.00,1246.00,319.00,322.00
2006-08-03,646.25,644.40,12.0650,1240.00,1239.00,323.00,322.00
2006-08-04,644.50,652.25,12.2000,1240.00,1241.00,323.00,323.00
2006-08-07,647.25,649.75,12.4500,1248.00,1249.00,321.00,322.00
2006-08-08,645.40,646.00,12.1300,1240.00,1237.00,321.00,317.00
2006-08-09,640.50,649.00,12.2650,1236.00,1243.00,317.00,321.00
2006-08-10,650.50,644.75,12.4300,1251.00,1248.00,324.00,323.00
2006-08-11,641.55,644.50,12.2750,1243.00,1245.00,319.00,321.00
2006-08-14,628.00,624.60,11.7600,1229.00,1218.00,316.00,312.00
2006-08-15,624.75,625.50,11.9900,1223.00,1225.00,317.00,320.00
2006-08-16,626.00,629.75,12.1500,1230.00,1236.00,323.00,332.00
2006-08-17,630.75,625.50,12.2800,1240.00,1241.00,338.00,339.00
2006-08-18,614.75,613.90,12.0100,1216.00,1217.00,330.00,334.00
2006-08-21,621.50,625.00,12.2400,1227.00,1232.00,334.00,338.00
2006-08-22,626.50,622.75,12.2000,1233.00,1228.00,344.00,338.00
2006-08-23,623.50,628.10,12.4200,1227.00,1231.00,341.00,343.00
2006-08-24,623.50,623.75,12.5800,1228.00,1227.00,345.50,346.00
2006-08-25,622.00,621.25,12.4000,1223.00,1223.00,343.00,344.00
2006-08-29,616.85,613.40,12.1400,1221.00,1216.00,338.00,336.00
2006-08-30,614.70,617.75,12.2200,1227.00,1230.00,341.00,337.00
2006-08-31,621.75,623.50,12.6000,1240.00,1245.00,341.00,341.00
2006-09-01,624.00,621.05,12.7500,1244.00,1241.00,345.00,343.00
2006-09-04,626.75,626.75,12.9950,1246.00,1247.00,344.00,344.00
2006-09-05,629.75,637.75,13.1500,1261.00,1267.00,346.50,349.00
2006-09-06,636.70,635.40,12.9500,1263.00,1268.00,347.00,349.00
2006-09-07,634.00,621.50,13.0600,1258.00,1254.00,351.00,346.50
2006-09-08,611.50,610.00,12.2900,1244.00,1222.00,343.00,320.00
2006-09-11,597.10,588.00,11.7600,1212.00,1199.50,317.00,315.00
2006-09-12,596.00,590.70,11.3400,1207.00,1207.00,320.00,318.00
2006-09-13,581.50,589.00,11.0000,1180.00,1189.00,307.00,319.00
2006-09-14,593.40,584.40,11.3500,1190.00,1188.00,324.00,330.00
2006-09-15,578.60,573.60,10.7000,1161.00,1150.00,315.00,313.00
2006-09-18,581.50,580.50,10.9700,1161.00,1159.00,308.00,304.00
2006-09-19,582.50,583.50,10.9100,1162.00,1160.00,312.00,317.00
2006-09-20,576.25,580.25,10.7400,1132.00,1135.00,303.00,308.00
2006-09-21,580.50,578.75,11.0200,1132.00,1132.00,306.00,308.00
2006-09-22,592.00,589.00,11.2800,1146.00,1153.00,316.00,322.00
2006-09-25,589.50,584.75,11.3300,1133.00,1127.00,316.00,313.00
2006-09-26,591.25,591.00,11.3100,1131.00,1127.00,317.00,314.00
2006-09-27,595.10,593.75,11.5800,1142.00,1140.00,317.00,314.00
2006-09-28,603.50,603.00,11.6600,1150.00,1150.00,320.00,321.00
2006-09-29,601.75,599.25,11.5500,1144.00,1140.00,320.00,315.00
2006-10-02,602.00,600.60,11.5800,1150.00,1150.00,315.00,313.00
2006-10-03,593.00,582.25,11.3400,1128.00,1123.00,305.00,303.50
2006-10-04,578.50,573.60,10.8200,1108.00,1102.00,299.00,300.00
2006-10-05,568.25,573.30,10.9600,1080.00,1085.00,298.00,299.00
2006-10-06,570.60,560.75,11.0100,1080.00,1085.00,298.00,299.00
2006-10-09,578.25,575.25,11.3400,1087.00,1087.00,303.00,302.00
2006-10-10,577.25,571.40,11.2100,1084.00,1072.00,306.00,297.00
2006-10-11,574.00,574.10,11.1400,1064.00,1065.00,298.00,303.00
2006-10-12,575.90,573.00,11.3000,1074.00,1070.00,306.00,308.00
2006-10-13,577.90,586.10,11.4000,1072.00,1073.00,309.00,314.00
2006-10-16,593.00,595.10,11.7200,1084.00,1087.00,322.00,322.00
2006-10-17,594.90,590.00,11.8500,1094.00,1086.00,323.00,319.00
2006-10-18,595.25,594.00,11.7600,1086.00,1083.00,321.00,324.00
2006-10-19,589.75,597.25,11.6200,1081.00,1080.00,327.00,327.00
2006-10-20,598.00,596.60,11.9800,1083.00,1080.00,324.00,326.00
2006-10-23,588.50,582.75,11.7100,1074.00,1072.00,318.00,317.00
2006-10-24,578.40,575.60,11.5700,1065.00,1072.00,317.00,317.00
2006-10-25,581.60,580.75,11.7500,1066.00,1063.00,320.00,317.00
2006-10-26,591.80,596.25,11.9700,1076.00,1082.00,320.00,321.00
2006-10-27,593.75,596.25,12.0500,1072.00,1072.00,320.00,319.00
2006-10-30,604.75,608.50,12.1300,1088.00,1086.00,322.00,323.00
2006-10-31,600.90,603.75,12.0800,1074.00,1073.00,319.00,316.00
2006-11-01,611.25,614.10,12.3600,1073.00,1099.00,316.00,324.00
2006-11-02,615.75,620.75,12.4100,1096.00,1108.00,321.00,322.00
2006-11-03,625.65,622.75,12.6200,1207.00,1200.00,330.00,327.00
2006-11-06,625.75,626.10,12.5100,1188.00,1177.50,332.00,328.00
2006-11-07,625.75,625.75,12.6200,1173.00,1189.00,328.00,333.00
2006-11-08,625.50,623.20,12.6050,1180.00,1167.00,330.00,325.00
2006-11-09,618.00,625.25,12.5950,1164.00,1192.00,325.00,329.00
2006-11-10,632.25,629.30,13.0250,1227.00,1220.00,334.00,333.50
2006-11-13,628.50,623.50,12.8600,1202.00,1185.00,329.00,324.00
2006-11-14,623.40,627.00,12.8500,1180.00,1186.00,319.00,322.00
2006-11-15,620.25,617.75,12.6900,1179.00,1160.00,320.00,314.00
2006-11-16,624.50,624.75,12.9400,1176.00,1196.00,321.00,321.00
2006-11-17,618.25,620.50,12.7500,1155.00,1160.00,315.00,316.00
2006-11-20,624.00,625.50,12.9200,1262.00,1262.00,320.00,321.00
2006-11-21,625.00,624.50,12.9200,1390.00,1355.00,329.00,328.00
2006-11-22,627.75,631.80,13.0700,1160.00,1140.00,325.00,325.00
2006-11-23,630.70,630.25,13.1200,1160.00,1163.00,325.00,323.00
2006-11-24,636.00,639.50,13.3650,1180.00,1192.00,326.00,328.00
2006-11-27,637.50,638.75,13.4850,1185.00,1174.00,329.00,327.00
2006-11-28,637.75,637.00,13.4400,1155.00,1185.00,326.00,324.00
2006-11-29,638.25,637.50,13.6500,1155.00,1145.00,318.00,319.00
2006-11-30,638.40,646.70,13.6800,1160.00,1171.00,321.00,327.00
2006-12-01,644.40,648.75,13.8500,1175.00,1156.00,326.00,326.00
2006-12-04,644.80,646.00,14.0500,1160.00,1156.00,327.00,326.00
2006-12-05,643.00,645.80,14.0450,1130.00,1141.00,326.00,331.00
2006-12-06,636.75,636.00,13.6800,1124.00,1126.00,327.00,326.00
2006-12-07,630.50,627.75,13.6700,1121.00,1122.00,326.00,326.00
2006-12-08,630.90,637.40,13.8400,1122.00,1117.00,327.00,329.50
2006-12-11,625.50,626.75,13.7200,1110.00,1106.00,328.00,328.00
2006-12-12,629.50,628.00,13.8500,1112.00,1110.00,329.00,328.00
2006-12-13,629.00,624.00,13.7950,1110.00,1106.00,328.00,326.00
2006-12-14,628.75,627.40,13.7700,1106.00,1110.00,327.00,328.00
2006-12-15,626.00,623.75,13.7300,1106.00,1110.00,326.00,328.00
2006-12-18,617.50,614.00,12.9700,1102.00,1104.00,323.00,322.00
2006-12-19,616.00,620.50,12.4600,1107.00,1118.00,321.00,322.00
2006-12-20,623.40,619.25,12.8000,1122.00,1122.00,326.50,325.00
2006-12-21,622.00,620.50,12.5200,1119.00,1119.00,324.00,324.00
2006-12-22,619.75,,12.5000,1121.00,1119.00,326.00,324.00
2006-12-27,628.30,628.50,12.8600,1122.00,1124.00,326.00,324.00
2006-12-28,629.00,632.00,12.8400,1118.00,1118.00,324.00,323.50
2006-12-29,635.70,,12.9000,1117.00,,324.00,
2007-01-02,640.75,639.75,13.0100,1136.00,1135.00,332.00,334.00
2007-01-03,636.75,642.60,12.9100,1132.00,1136.00,335.00,340.00
2007-01-04,625.25,628.70,12.6200,1124.00,1128.00,335.00,338.00
2007-01-05,626.00,609.50,12.7000,1127.00,1120.00,343.00,340.00
2007-01-08,608.30,609.50,12.2100,1112.00,1118.00,330.00,332.00
2007-01-09,612.00,609.60,12.3600,1124.00,1123.00,334.00,329.00
2007-01-10,610.75,608.40,12.4500,1134.00,1143.00,332.00,329.00
2007-01-11,613.50,612.00,12.4100,1141.00,1143.00,328.00,331.00
2007-01-12,614.10,619.75,12.4300,1140.00,1137.00,329.00,329.50
2007-01-15,628.25,627.00,12.8850,1149.00,1147.00,332.00,330.00
2007-01-16,625.60,627.05,12.8400,1140.00,1142.00,331.00,332.00
2007-01-17,623.25,626.50,12.5500,1139.00,1136.00,332.00,332.00
2007-01-18,632.80,635.00,12.8400,1158.00,1157.00,337.00,339.00
2007-01-19,629.00,629.00,12.7200,1150.00,1154.00,337.00,339.00
2007-01-22,635.10,639.00,12.8700,1162.00,1160.00,340.00,342.00
2007-01-23,637.50,642.50,13.0900,1165.00,1168.00,345.00,347.50
2007-01-24,643.00,642.10,13.2000,1163.00,1166.00,345.00,346.00
2007-01-25,648.75,651.75,13.3800,1172.00,1180.00,347.00,351.00
2007-01-26,645.70,645.50,13.2200,1172.00,1169.00,348.00,349.00
2007-01-29,643.40,644.75,13.2500,1168.00,1164.00,344.00,340.00
2007-01-30,642.25,645.20,13.1500,1162.00,1170.00,335.00,334.00
2007-01-31,645.75,650.50,13.3600,1171.00,1169.00,336.00,331.00
2007-02-01,652.55,660.20,13.5800,1183.00,1191.00,339.00,342.00
2007-02-02,654.75,645.70,13.6600,1174.00,1165.00,338.00,339.00
2007-02-05,648.00,649.40,13.2900,1166.00,1165.00,335.00,338.00
2007-02-06,653.90,653.25,13.6600,1180.00,1186.00,341.00,342.00
2007-02-07,655.25,653.75,13.6500,1189.00,1195.00,344.00,343.00
2007-02-08,650.55,656.00,13.5300,1184.00,1187.00,339.00,337.00
2007-02-09,657.85,664.50,13.8400,1200.00,1196.00,341.00,336.00
2007-02-12,663.35,664.55,13.7800,1195.00,1189.00,338.00,336.00
2007-02-13,664.75,667.80,13.7900,1193.00,1194.00,337.00,337.00
2007-02-14,668.25,668.25,13.9600,1216.00,1216.00,341.00,343.00
2007-02-15,670.00,664.75,13.9800,1213.00,1213.00,341.50,342.00
2007-02-16,665.25,665.10,13.9000,1198.00,1195.00,338.00,338.00
2007-02-19,670.50,670.75,14.0300,1218.00,1217.00,341.00,340.00
2007-02-20,668.60,663.90,13.9000,1213.00,1208.00,337.50,335.00
2007-02-21,658.60,661.25,13.7400,1206.00,1210.00,335.00,337.00
2007-02-22,676.40,676.60,14.2500,1222.00,1225.00,343.00,348.00
2007-02-23,677.50,683.00,14.2800,1225.00,1234.00,347.00,353.00
2007-02-26,684.50,685.75,14.5800,1242.00,1236.00,354.00,355.25
2007-02-27,684.50,676.20,14.4900,1238.00,1230.00,353.00,349.00
2007-02-28,677.00,664.20,14.3100,1253.00,1239.00,350.00,346.00
2007-03-01,673.60,670.40,14.2900,1243.00,1248.00,351.00,353.00
2007-03-02,664.00,651.90,13.5300,1225.00,1203.00,347.00,347.00
2007-03-05,638.60,636.75,12.6050,1185.00,1165.00,338.00,338.00
2007-03-06,644.60,643.75,12.9350,1189.00,1190.00,344.00,343.00
2007-03-07,646.35,646.40,12.8900,1183.00,1186.00,345.00,346.00
2007-03-08,653.75,654.25,13.0900,1197.00,1195.00,348.00,351.00
2007-03-09,653.85,652.25,13.0700,1203.00,1203.00,352.00,352.00
2007-03-12,652.50,647.75,12.9700,1204.00,1203.00,351.00,352.00
2007-03-13,650.50,650.80,12.9200,1207.00,1220.00,351.00,349.00
2007-03-14,640.75,643.25,12.6500,1209.00,1203.00,346.00,347.00
2007-03-15,646.10,648.50,12.9000,1214.00,1215.00,349.00,350.00
2007-03-16,650.65,653.20,13.0700,1217.00,1219.00,351.00,351.00
2007-03-19,654.50,655.00,13.1600,1225.00,1226.00,352.00,352.00
2007-03-20,654.40,659.00,13.2500,1225.00,1231.00,350.00,352.00
2007-03-21,660.50,658.75,13.3300,1232.00,1232.00,351.00,351.00
2007-03-22,664.00,663.00,13.3750,1236.00,1236.00,353.00,353.00
2007-03-23,662.15,656.25,13.3700,1230.00,1232.00,353.00,354.00
2007-03-26,659.65,663.00,13.2600,1231.00,1237.00,354.00,353.00
2007-03-27,665.15,664.00,13.3400,1237.00,1239.00,353.00,353.00
2007-03-28,665.60,666.75,13.3600,1244.00,1246.00,353.50,352.00
2007-03-29,664.90,661.00,13.3400,1240.00,1241.00,352.00,352.00
2007-03-30,663.50,661.75,13.3500,1246.00,1244.00,353.00,351.75
2007-04-02,663.30,658.25,13.3350,1241.00,1235.00,353.00,350.50
2007-04-03,663.50,664.25,13.2800,1244.00,1245.00,351.00,352.00
2007-04-04,665.90,672.25,13.4500,1245.00,1248.00,354.00,355.00
2007-04-05,672.60,673.50,13.5800,1250.00,1251.00,353.00,350.50
2007-04-10,676.85,677.40,13.8400,1257.00,1262.00,357.00,358.00
2007-04-11,679.10,678.20,13.9200,1262.00,1265.00,362.00,364.00
2007-04-12,678.50,677.25,13.8400,1270.00,1265.00,373.00,364.00
2007-04-13,677.00,681.75,13.8800,1265.00,1266.00,369.00,369.00
2007-04-16,687.25,686.50,14.0900,1282.00,1276.00,376.00,373.00
2007-04-17,688.00,688.00,13.9600,1268.00,1270.00,371.00,373.00
2007-04-18,690.40,688.75,13.9600,1281.00,1281.00,374.00,374.50
2007-04-19,687.25,681.90,13.8350,1289.00,1292.00,377.00,375.00
2007-04-20,687.60,691.40,13.8700,1310.00,1317.00,381.00,382.00
2007-04-23,691.00,688.70,13.8600,1323.00,1318.00,380.00,380.00
2007-04-24,689.70,688.40,14.0300,1325.00,1321.00,381.00,381.00
2007-04-25,686.20,684.00,13.7900,1305.00,1307.00,377.00,378.00
2007-04-26,685.50,673.00,13.6600,1310.00,1300.00,379.00,374.00
2007-04-27,672.50,677.50,13.3500,1280.00,1281.00,368.00,371.00
2007-04-30,678.00,677.00,13.5000,1286.00,1286.00,370.00,371.00
2007-05-01,677.50,673.60,13.4500,1288.00,1285.00,368.00,368.00
2007-05-02,673.25,669.50,13.1800,1287.00,1285.00,371.00,370.00
2007-05-03,675.90,674.20,13.3300,1294.00,1299.00,372.00,374.00
2007-05-04,680.80,688.80,13.4000,1300.00,1311.00,374.00,374.00
2007-05-08,685.90,684.25,13.4800,1331.00,1328.00,375.00,374.50
2007-05-09,686.50,683.00,13.4500,1336.00,1326.00,374.00,370.00
2007-05-10,677.85,673.50,13.2900,1323.00,1321.00,365.00,362.00
2007-05-11,667.85,669.00,13.0400,1317.00,1324.00,361.00,363.00
2007-05-14,674.20,670.20,13.1900,1336.00,1329.00,367.00,363.00
2007-05-15,667.00,668.25,13.0200,1323.00,1320.00,360.00,356.00
2007-05-16,670.90,667.75,13.1600,1328.00,1326.00,360.00,359.00
2007-05-17,663.20,656.75,12.9000,1317.00,1302.00,362.00,357.00
2007-05-18,660.75,657.00,12.8700,1310.00,1308.00,362.00,362.00
2007-05-21,662.40,658.00,12.9300,1309.00,1305.00,364.00,366.00
2007-05-22,663.50,662.00,13.0700,1299.00,1294.00,374.00,375.50
2007-05-23,659.20,662.05,12.9600,1290.00,1295.00,373.00,374.00
2007-05-24,661.50,659.00,13.0400,1294.00,1290.00,372.00,373.00
2007-05-25,655.00,655.30,12.9250,1282.00,1276.00,367.00,367.50
2007-05-29,657.60,660.15,13.0300,1270.00,1267.00,368.00,370.00
2007-05-30,657.10,652.65,13.1100,1264.00,1257.00,366.50,365.00
2007-05-31,656.60,659.10,13.2500,1272.00,1280.00,367.00,367.00
2007-06-01,662.50,666.50,13.5300,1287.00,1290.00,368.00,371.00
2007-06-04,670.75,671.10,13.6700,1290.00,1292.00,369.00,370.00
2007-06-05,671.30,671.50,13.7100,1296.00,1296.00,369.00,369.00
2007-06-06,669.80,669.70,13.6900,1296.00,1288.00,365.00,366.00
2007-06-07,670.85,668.75,13.6500,1302.00,1300.00,367.50,367.00
2007-06-08,656.75,655.25,13.3100,1291.00,1288.00,366.00,369.00
2007-06-11,652.75,650.30,13.1600,1290.00,1291.00,367.00,366.00
2007-06-12,652.80,647.25,13.1500,1292.00,1290.00,366.00,367.00
2007-06-13,644.10,647.65,12.8600,1278.00,1275.00,363.50,364.00
2007-06-14,650.75,653.25,13.0400,1281.00,1276.00,369.00,368.00
2007-06-15,650.60,653.10,13.0600,1280.00,1278.00,367.00,367.00
2007-06-18,658.00,656.00,13.3100,1294.00,1293.00,370.00,370.00
2007-06-19,655.10,656.30,13.1900,1289.00,1289.00,368.50,369.50
2007-06-20,659.60,657.70,13.3400,1292.00,1295.00,371.00,374.00
2007-06-21,654.50,650.50,13.1700,1288.00,1290.00,375.00,375.00
2007-06-22,652.00,652.85,13.1550,1293.00,1301.00,375.00,375.00
2007-06-25,651.25,650.75,12.9600,1295.00,1288.00,373.50,371.50
2007-06-26,649.55,647.00,12.8500,1281.00,1273.00,369.00,367.00
2007-06-27,642.85,642.10,12.2600,1267.00,1266.00,366.00,365.50
2007-06-28,645.70,647.25,12.4250,1275.00,1279.00,365.50,365.50
2007-06-29,648.50,650.50,12.5400,1275.00,1273.00,365.00,365.00
2007-07-02,650.50,654.75,12.4700,1272.00,1277.50,367.00,366.00
2007-07-03,657.25,654.25,12.6000,1284.00,1281.00,366.00,365.00
2007-07-04,654.00,654.15,12.6050,1282.00,1283.00,364.00,364.00
2007-07-05,655.90,651.00,12.6000,1287.00,1290.00,365.00,365.00
2007-07-06,647.75,648.75,12.4000,1287.00,1287.00,362.50,363.00
2007-07-09,657.00,661.25,12.7400,1296.00,1303.00,365.00,368.00
2007-07-10,661.15,661.70,12.7600,1296.00,1296.00,367.00,367.00
2007-07-11,664.00,663.00,12.9500,1306.00,1306.00,367.00,367.00
2007-07-12,663.00,667.25,12.9500,1306.00,1308.00,368.00,367.00
2007-07-13,667.50,666.50,13.1250,1313.00,1313.00,369.00,368.00
2007-07-16,667.25,666.00,13.0300,1313.00,1313.00,367.50,367.00
2007-07-17,663.15,666.50,12.9000,1306.00,1309.00,367.00,366.00
2007-07-18,667.75,666.75,12.9400,1312.00,1309.00,365.00,366.00
2007-07-19,673.00,674.50,13.2500,1322.00,1322.00,369.00,369.00
2007-07-20,676.00,681.60,13.2900,1324.00,1332.00,370.00,370.50
2007-07-23,683.50,682.00,13.3400,1332.00,1329.00,369.75,370.50
2007-07-24,682.75,684.30,13.3400,1328.00,1333.00,369.00,368.00
2007-07-25,677.25,674.75,13.1750,1320.00,1317.00,365.00,364.50
2007-07-26,675.40,670.00,13.1300,1321.00,1314.00,365.00,364.00
2007-07-27,663.50,660.50,12.7500,1313.00,1284.00,364.00,362.00
2007-07-30,661.50,661.50,12.7300,1280.00,1270.00,362.00,363.00
2007-07-31,666.75,665.50,12.9300,1292.00,1292.00,365.00,365.00
2007-08-01,660.25,665.75,12.7700,1275.00,1283.00,362.00,363.00
2007-08-02,665.35,666.25,12.9600,1284.00,1287.00,364.00,366.00
2007-08-03,666.35,670.50,12.9600,1284.00,1286.00,363.00,364.00
2007-08-06,674.15,671.50,13.1000,1296.00,1294.00,364.00,364.00
2007-08-07,669.25,668.00,12.9900,1282.00,1282.00,361.00,359.00
2007-08-08,670.40,675.50,13.0300,1282.00,1286.00,362.00,363.00
2007-08-09,670.85,662.60,12.9750,1280.00,1268.00,362.00,360.00
2007-08-10,664.50,668.50,12.6900,1274.00,1269.00,359.00,349.00
2007-08-13,669.85,668.75,12.8700,1273.00,1276.00,353.00,354.00
2007-08-14,667.35,668.35,12.7600,1273.00,1272.00,351.00,350.00
2007-08-15,665.00,667.25,12.5100,1261.00,1262.00,349.00,346.00
2007-08-16,664.15,662.25,12.3650,1255.00,1245.00,344.00,337.00
2007-08-17,653.00,657.50,11.6900,1238.00,1245.00,335.00,334.00
2007-08-20,658.50,659.50,11.9500,1246.00,1249.00,331.00,329.50
2007-08-21,655.50,657.50,11.6700,1243.00,1244.00,326.00,327.00
2007-08-22,657.15,659.50,11.6800,1237.00,1240.00,320.00,320.00
2007-08-23,662.25,660.75,11.8800,1245.50,,327.00,
2007-08-24,659.75,660.85,11.7000,1238.00,1240.00,324.00,323.00
2007-08-28,667.00,666.00,11.8300,1257.00,1255.00,329.00,326.75
2007-08-29,664.75,664.25,11.8000,1256.00,1260.00,326.00,326.00
2007-08-30,666.30,666.00,11.8600,1263.00,1266.00,330.50,327.00
2007-08-31,668.00,672.00,11.9500,1269.00,1268.00,329.00,330.00
2007-09-03,672.75,672.00,12.1000,1271.00,1268.00,330.00,330.00
2007-09-04,673.50,678.75,12.0950,1272.00,1270.00,331.00,331.00
2007-09-05,679.50,680.25,12.2150,1275.00,1273.00,333.00,333.00
2007-09-06,683.50,688.15,12.2450,1279.00,1281.00,333.00,333.00
2007-09-07,695.00,701.00,12.5700,1287.00,1289.00,335.00,334.00
2007-09-10,704.00,703.50,12.5600,1295.00,1292.00,334.50,334.00
2007-09-11,704.25,704.15,12.5700,1295.00,1292.00,335.00,333.00
2007-09-12,711.75,706.00,12.6600,1305.00,1299.00,335.00,333.50
2007-09-13,708.10,704.50,12.4700,1297.00,1297.00,332.00,331.00
2007-09-14,706.75,716.35,12.5000,1288.00,1294.00,331.00,330.00
2007-09-17,710.25,719.00,12.5900,1300.00,1298.00,331.00,330.00
2007-09-18,717.70,714.75,12.9600,1299.00,1300.00,330.50,331.00
2007-09-19,723.75,725.15,12.9950,1307.00,1306.00,333.00,332.00
2007-09-20,727.75,734.50,13.1700,1313.00,1323.00,334.00,336.00
2007-09-21,735.35,737.00,13.4700,1336.00,1332.00,339.50,340.00
2007-09-24,733.25,730.00,13.6200,1335.00,1331.00,341.00,340.00
2007-09-25,727.70,728.50,13.2800,1336.00,1333.00,340.00,337.50
2007-09-26,730.55,734.75,13.4400,1345.00,1348.00,338.00,337.00
2007-09-27,729.75,731.75,13.5100,1343.00,1350.00,340.00,342.00
2007-09-28,737.75,743.00,13.6500,1361.00,1377.00,344.00,343.75
2007-10-01,745.25,742.50,13.7750,1382.00,1377.00,348.00,352.00
2007-10-02,735.75,731.00,13.2800,1356.00,1359.00,352.00,349.50
2007-10-03,733.15,730.25,13.3500,1353.00,1359.00,350.00,349.50
2007-10-04,726.75,725.50,13.2200,1352.00,1357.00,358.00,359.00
2007-10-05,735.85,737.00,13.4350,1366.00,1364.00,368.00,366.00
2007-10-08,736.50,733.75,13.2900,1370.00,1369.00,365.00,363.00
2007-10-09,728.80,736.00,13.2100,1355.00,1357.00,358.00,359.00
2007-10-10,740.50,741.25,13.6200,1374.00,1389.00,365.00,375.00
2007-10-11,747.50,749.00,13.6700,1396.00,1394.00,379.00,378.00
2007-10-12,748.50,749.50,13.7900,1404.00,1416.00,376.00,377.00
2007-10-15,755.85,758.85,13.9500,1425.00,1426.00,380.00,379.00
2007-10-16,761.75,756.75,13.6600,1415.00,1410.00,370.00,369.00
2007-10-17,759.75,762.50,13.6000,1416.00,1421.00,367.00,371.00
2007-10-18,758.35,764.15,13.6800,1443.00,1446.00,370.00,371.00
2007-10-19,768.25,763.00,13.8300,1454.00,1452.00,371.00,370.00
2007-10-22,755.60,751.25,13.3500,1434.00,1431.00,359.00,359.50
2007-10-23,757.50,758.25,13.5700,1443.00,1447.00,363.00,363.00
2007-10-24,757.35,757.50,13.4400,1440.00,1437.00,359.00,358.00
2007-10-25,765.00,767.50,13.7250,1442.00,1447.00,360.00,361.00
2007-10-26,775.60,779.15,14.0700,1453.00,1454.00,373.00,370.00
2007-10-29,792.50,788.50,14.4100,1462.00,1457.00,374.00,372.00
2007-10-30,784.00,783.25,14.1750,1446.00,1443.00,368.00,367.50
2007-10-31,783.00,789.50,14.3200,1438.00,1440.00,368.00,370.00
2007-11-01,792.00,790.25,14.3600,1448.00,1443.00,372.00,370.00
2007-11-02,790.75,796.50,14.3200,1439.50,1439.00,368.00,369.00
2007-11-05,802.50,804.75,14.4900,1439.50,1458.00,372.50,373.00
2007-11-06,817.55,822.50,14.9600,1464.50,1472.00,373.50,376.00
2007-11-07,841.75,834.50,15.8200,1476.00,1470.00,379.00,374.50
2007-11-08,832.25,841.10,15.3600,1454.00,1462.00,371.00,373.00
2007-11-09,836.00,831.50,15.1500,1452.00,1434.00,371.00,370.00
2007-11-12,817.00,803.50,15.1400,1416.00,1389.00,367.00,364.00
2007-11-13,803.40,804.25,14.6750,1402.00,1415.00,366.00,369.00
2007-11-14,808.25,813.50,14.9700,1435.00,1440.00,369.00,371.00
2007-11-15,806.00,794.00,14.8200,1424.50,1423.00,366.00,365.50
2007-11-16,790.25,789.75,14.4500,1429.00,1450.00,369.00,366.00
2007-11-19,788.50,778.85,14.5200,1456.00,1455.00,364.00,362.00
2007-11-20,789.65,795.50,14.3600,1459.00,1460.00,362.00,361.00
2007-11-21,796.25,798.00,14.5500,1469.00,1468.00,362.00,361.50
2007-11-22,802.25,803.25,14.5200,1467.00,1468.00,355.50,355.00
2007-11-23,810.50,815.25,14.5500,1470.00,1475.00,354.00,353.00
2007-11-26,836.25,830.00,14.8850,1484.00,1475.00,359.50,357.00
2007-11-27,823.25,810.75,14.6500,1466.00,1456.00,356.00,351.50
2007-11-28,796.50,801.75,14.2750,1420.00,1440.00,343.00,345.00
2007-11-29,807.25,794.50,14.3800,1446.00,1440.00,346.00,343.50
2007-11-30,794.75,783.50,14.2300,1443.00,1440.00,347.00,349.00
2007-12-03,783.75,784.25,13.8600,1450.00,1450.00,347.00,347.00
2007-12-04,790.25,797.50,14.2500,1460.00,1464.00,347.00,347.00
2007-12-05,801.75,793.00,14.3400,1472.00,1468.00,348.00,347.50
2007-12-06,788.75,801.50,14.0600,1458.00,1460.00,347.00,345.00
2007-12-07,799.75,792.50,14.4400,1458.00,1458.00,344.00,344.00
2007-12-10,800.00,809.50,14.3800,1459.00,1463.00,345.00,345.00
2007-12-11,806.75,808.75,14.6150,1462.00,1462.00,345.00,345.00
2007-12-12,807.50,814.00,14.6350,1467.00,1474.00,347.00,349.00
2007-12-13,809.00,800.70,14.6100,1478.00,1477.00,347.00,347.00
2007-12-14,796.25,789.50,14.0100,1467.00,1462.00,346.00,346.00
2007-12-17,787.00,790.75,13.7450,1476.00,1482.00,350.00,351.50
2007-12-18,796.25,804.25,13.9700,1500.00,1510.00,355.00,357.00
2007-12-19,801.50,799.75,13.9800,1510.00,1510.00,354.00,355.00
2007-12-20,799.50,795.25,13.9700,1512.00,1514.00,354.00,354.00
2007-12-21,803.00,810.50,14.2900,1513.00,1516.00,354.00,355.00
2007-12-24,810.25,,14.3500,1526.00,,354.50,
2007-12-27,822.50,829.00,14.6700,1534.00,1544.00,364.00,360.50
2007-12-28,828.50,833.75,14.7500,1529.00,1530.00,361.00,364.00
2007-12-31,836.50,,14.7600,1529.00,,370.00,
2008-01-02,840.75,846.75,14.9300,1530.00,1541.00,370.00,371.00
2008-01-03,865.35,858.85,15.3800,1546.00,1535.00,371.00,370.00
2008-01-04,858.75,855.00,15.2750,1545.00,1545.00,372.00,372.00
2008-01-07,857.50,859.25,15.2400,1529.00,1531.00,367.00,370.50
2008-01-08,873.25,873.50,15.4850,1541.00,1543.00,374.50,372.00
2008-01-09,887.85,877.00,16.0000,1555.00,1550.00,377.00,374.00
2008-01-10,874.25,884.25,15.6200,1542.00,1538.00,373.00,370.00
2008-01-11,893.75,891.00,16.0600,1565.00,1564.00,376.00,375.00
2008-01-14,911.50,902.00,16.5000,1589.00,1577.00,382.00,379.00
2008-01-15,904.75,913.00,16.2400,1580.00,1575.00,379.00,378.50
2008-01-16,881.00,889.75,15.8500,1564.00,1561.00,375.00,375.00
2008-01-17,881.50,888.25,15.8800,1561.00,1564.00,373.00,373.00
2008-01-18,872.75,882.00,15.8250,1549.00,1560.00,368.00,369.00
2008-01-21,874.25,871.25,15.7700,1553.00,1547.00,368.00,366.00
2008-01-22,862.00,875.00,15.5700,1522.00,1538.00,363.00,364.00
2008-01-23,887.80,888.25,15.9500,1554.00,1546.00,367.00,365.00
2008-01-24,891.50,909.25,16.3500,1580.00,1591.00,368.00,370.00
2008-01-25,921.25,918.25,16.5300,1649.00,1681.00,381.00,380.50
2008-01-28,916.50,921.75,16.4400,1664.00,1693.00,379.00,379.00
2008-01-29,927.50,924.50,16.7500,1716.00,1690.00,384.00,385.00
2008-01-30,923.75,919.00,16.7600,1686.00,1686.00,388.00,386.00
2008-01-31,923.75,923.25,16.7400,1687.00,1731.00,382.00,388.00
2008-02-01,933.00,914.75,17.1900,1741.00,1755.00,402.00,410.50
2008-02-04,899.50,893.75,16.7000,1783.00,1786.00,419.50,420.00
2008-02-05,889.75,887.50,16.5100,1766.00,1768.00,415.00,413.00
2008-02-06,892.00,903.00,16.4800,1784.00,1813.00,412.00,417.00
2008-02-07,908.25,899.75,16.7000,1852.00,1827.00,428.00,421.00
2008-02-08,914.00,916.25,16.9500,1844.00,1860.00,429.00,432.50
2008-02-11,925.50,918.00,17.3700,1898.00,1924.00,440.00,443.00
2008-02-12,920.25,917.00,17.4600,1951.00,1937.00,438.00,433.50
2008-02-13,905.75,899.00,16.9800,1907.00,1932.00,424.00,426.00
2008-02-14,910.85,906.00,17.2600,2010.00,1981.00,438.50,435.00
2008-02-15,909.75,912.50,17.3800,2025.00,2060.00,438.00,440.00
2008-02-18,905.00,903.25,17.0100,2088.00,2109.00,452.50,459.00
2008-02-19,916.50,924.00,17.2500,2160.00,2145.00,484.00,479.00
2008-02-20,924.85,920.00,17.4200,2080.00,2073.00,469.00,472.00
2008-02-21,943.00,945.00,17.9800,2170.00,2180.00,507.00,519.00
2008-02-22,945.75,943.00,17.9400,2160.00,2155.00,504.00,506.00
2008-02-25,947.50,937.75,18.0600,2161.00,2144.00,514.00,524.00
2008-02-26,934.00,937.00,18.1200,2113.00,2123.00,,520.00
2008-02-27,958.75,959.50,19.3300,2158.00,2140.00,554.00,552.00
2008-02-28,957.00,959.75,19.2400,2093.00,2131.00,544.00,556.00
2008-02-29,969.00,971.50,19.6200,2153.00,2150.00,568.00,568.00
2008-03-03,978.25,988.50,20.1600,2162.00,2174.00,577.00,579.00
2008-03-04,981.75,984.75,20.3200,2276.00,2273.00,588.00,582.00
2008-03-05,966.25,974.50,19.4800,2232.00,2189.00,551.00,532.00
2008-03-06,986.25,976.50,20.8000,2249.00,2230.00,549.00,535.00
2008-03-07,978.50,972.50,20.2200,2147.00,2082.00,514.00,506.00
2008-03-10,973.15,969.25,19.5700,2044.00,1947.00,486.00,463.00
2008-03-11,980.50,970.00,20.2500,2028.00,2055.00,469.00,483.00
2008-03-12,975.75,975.50,19.7000,2024.00,2051.00,485.00,493.00
2008-03-13,988.25,995.00,20.7900,2090.00,2100.00,514.00,509.00
2008-03-14,997.00,1003.50,20.4100,2100.00,2107.00,507.00,512.00
2008-03-17,1023.50,1011.25,20.9200,2000.00,1995.00,490.00,483.00
2008-03-18,1005.75,1006.75,20.3800,1994.00,1998.00,477.00,481.00
2008-03-19,995.25,958.50,19.8800,1961.00,1890.00,476.00,464.00
2008-03-20,913.50,925.75,17.5300,1824.00,1823.00,425.00,430.00
2008-03-25,930.65,926.75,17.5750,1918.00,1954.00,440.00,446.00
2008-03-26,945.75,946.75,18.0700,1983.00,1983.00,453.00,453.00
2008-03-27,948.25,946.75,18.2000,2007.00,2002.00,451.00,446.00
2008-03-28,944.50,934.25,18.3600,2037.00,1990.00,447.00,444.00
2008-03-31,937.25,933.50,17.9900,2032.00,2040.00,445.00,445.00
2008-04-01,897.00,887.75,16.7400,1938.00,1918.00,434.00,426.00
2008-04-02,893.50,890.00,16.8900,1942.00,1927.00,438.00,432.00
2008-04-03,898.25,896.50,17.1500,1974.00,1975.00,443.00,437.00
2008-04-04,905.25,905.50,17.4500,1988.00,1989.00,438.00,438.00
2008-04-07,914.70,926.50,17.9600,2023.00,2034.00,442.00,453.00
2008-04-08,921.00,915.00,18.0000,2020.00,2004.00,454.00,450.00
2008-04-09,906.75,917.00,17.4900,1983.00,1997.00,449.00,452.00
2008-04-10,934.25,928.00,18.3200,2031.00,2028.00,459.00,461.00
2008-04-11,925.50,927.75,17.9500,2015.00,2019.00,462.00,469.00
2008-04-14,917.75,926.50,17.4500,1949.00,1955.00,456.00,456.00
2008-04-15,931.75,929.75,17.8600,1998.00,,460.00,
2008-04-16,932.75,945.00,18.0700,1972.00,2024.00,451.00,462.00
2008-04-17,951.50,946.00,18.5600,2065.00,2048.00,463.00,457.00
2008-04-18,,908.75,18.1800,2062.00,2026.00,459.00,451.00
2008-04-21,915.75,918.50,17.8600,2030.00,2034.00,455.00,453.00
2008-04-22,920.75,918.00,17.5600,1996.00,1985.00,,454.00
2008-04-23,916.25,898.50,17.5500,2018.00,2004.00,,446.00
2008-04-24,900.75,895.50,17.0900,1993.00,1994.00,444.00,440.00
2008-04-25,883.50,891.50,16.6800,1932.00,1951.00,437.00,434.00
2008-04-28,892.25,890.50,16.9400,1969.00,1964.00,440.00,
2008-04-29,886.00,880.00,16.7800,1955.00,1950.00,431.00,428.00
2008-04-30,867.75,871.00,16.4700,1923.00,1929.00,417.00,420.00
2008-05-01,863.50,853.00,16.6400,1917.00,1886.00,418.00,406.00
2008-05-02,854.25,853.50,16.1900,1855.00,1878.00,408.00,412.00
2008-05-06,878.00,880.00,16.7000,1930.00,1940.00,426.00,425.00
2008-05-07,874.00,868.25,16.6900,1945.00,1930.00,427.00,418.00
2008-05-08,872.25,877.00,16.5800,1981.00,2002.00,430.00,431.00
2008-05-09,887.25,876.00,16.9700,2082.00,2079.00,442.00,437.00
2008-05-12,882.50,883.50,16.7400,2045.00,2054.00,437.00,439.00
2008-05-13,877.00,865.00,17.0800,2073.00,2062.00,439.00,437.00
2008-05-14,863.00,866.50,16.6900,2010.00,2032.00,433.00,434.00
2008-05-15,866.25,881.25,16.6000,2012.00,2065.00,431.00,437.00
2008-05-16,885.00,897.00,16.8300,2092.00,2136.00,437.00,443.00
2008-05-19,908.75,906.50,17.1800,2168.00,2160.00,453.00,447.50
2008-05-20,907.00,914.50,17.0300,2157.00,2142.00,445.00,443.00
2008-05-21,925.00,923.00,17.7700,2179.00,2170.00,449.00,446.00
2008-05-22,928.25,922.75,17.8200,2192.00,,455.00,453.00
2008-05-23,922.25,927.50,18.1000,2179.00,2182.00,453.00,451.00
2008-05-27,923.75,906.75,18.1400,2175.00,2157.00,450.00,450.00
2008-05-28,892.00,902.50,17.2600,2072.00,2054.00,437.00,434.00
2008-05-29,893.00,883.00,17.1700,2050.00,1987.00,436.00,432.00
2008-05-30,879.50,885.75,16.8500,1976.00,2008.00,424.00,430.00
2008-06-02,891.25,888.25,16.8600,1993.00,2015.00,430.00,435.00
2008-06-03,895.50,879.25,16.8200,2035.00,2009.00,438.00,433.00
2008-06-04,877.25,883.50,16.6700,2000.00,1997.00,431.00,431.00
2008-06-05,873.00,878.75,16.6500,1990.00,1974.00,427.00,421.00
2008-06-06,883.50,890.50,17.1900,2045.00,2050.00,435.00,429.00
2008-06-09,904.25,896.25,17.4600,2066.00,2047.00,437.00,432.00
2008-06-10,884.50,878.00,16.9400,2015.00,2032.00,423.50,426.50
2008-06-11,874.25,876.25,16.5800,2026.00,2022.00,427.00,430.00
2008-06-12,871.25,862.25,16.5900,2020.00,2005.00,439.00,426.00
2008-06-13,864.00,866.00,16.3100,2031.00,2043.00,438.00,450.00
2008-06-16,872.00,888.25,16.7300,2030.00,2045.00,448.00,455.50
2008-06-17,883.00,881.50,17.2200,2063.00,2047.00,464.00,456.50
2008-06-18,884.00,887.50,17.0000,2080.00,2103.00,460.00,467.00
2008-06-19,893.25,903.00,17.2200,2075.00,2067.00,464.00,472.00
2008-06-20,900.00,907.50,17.4400,2056.00,2068.00,471.00,475.00
2008-06-23,905.25,881.00,17.1900,2060.00,2045.00,473.00,471.00
2008-06-24,888.50,889.50,16.8500,2047.00,2037.00,470.00,469.50
2008-06-25,887.25,882.75,16.7000,2023.00,2012.00,465.00,462.00
2008-06-26,892.50,909.50,16.8800,2046.00,2068.00,467.00,465.00
2008-06-27,923.00,919.50,17.4000,2075.00,2053.00,470.00,467.00
2008-06-30,932.75,930.25,17.6500,2077.00,2064.00,468.00,467.00
2008-07-01,929.50,937.50,17.5600,2075.00,2075.00,467.00,465.00
2008-07-02,936.00,935.25,17.9200,2075.00,2070.00,468.00,465.00
2008-07-03,939.75,934.00,18.3100,2064.00,2033.00,468.00,464.00
2008-07-04,930.75,931.25,18.0100,2022.00,2012.00,456.00,456.00
2008-07-07,921.00,916.75,17.8500,1986.00,1990.00,452.00,448.00
2008-07-08,929.25,921.00,17.6200,2002.00,1987.00,450.00,446.00
2008-07-09,923.25,927.25,17.8200,1966.00,1969.00,442.00,444.00
2008-07-10,930.75,939.50,18.1700,1980.00,1999.00,446.00,448.00
2008-07-11,949.00,962.75,18.3800,2040.00,2030.00,455.00,454.00
2008-07-14,957.75,968.00,18.6900,2021.00,2017.00,450.00,451.00
2008-07-15,981.75,986.00,19.3000,2015.00,1987.00,450.00,450.00
2008-07-16,974.00,977.50,18.8300,1956.00,1951.00,438.00,438.00
2008-07-17,964.50,965.50,18.6700,1948.00,1893.00,432.00,424.00
2008-07-18,961.50,959.75,18.5500,1872.00,1849.00,423.00,419.00
2008-07-21,966.25,960.50,18.3500,1872.00,1852.00,420.00,418.00
2008-07-22,973.00,961.50,18.6000,1877.00,1865.00,422.00,417.00
2008-07-23,934.75,926.50,17.5900,1778.00,1771.00,392.00,387.00
2008-07-24,927.75,928.00,17.5200,1736.00,1729.00,389.00,388.00
2008-07-25,932.25,920.50,17.5500,1750.00,1726.00,390.00,383.00
2008-07-28,929.25,923.50,17.4700,1752.00,1756.00,387.00,393.00
2008-07-29,928.75,916.75,17.4200,1766.00,1757.00,389.00,389.00
2008-07-30,914.10,897.50,17.1200,1762.00,1726.00,385.00,376.00
2008-07-31,912.00,918.00,17.4800,1753.00,1758.00,378.00,382.00
2008-08-01,909.50,912.50,17.5900,1717.00,1675.00,375.00,367.00
2008-08-04,910.00,905.75,17.3700,1631.00,1587.00,367.00,360.00
2008-08-05,884.00,882.00,16.6700,1550.00,1564.50,349.00,354.00
2008-08-06,884.75,879.50,16.7400,1597.00,1612.00,363.00,364.00
2008-08-07,882.50,871.50,16.5900,1592.00,1600.00,354.00,354.50
2008-08-08,864.50,852.50,15.7600,1574.00,1552.00,345.00,345.00
2008-08-11,863.75,852.50,15.3350,1570.00,1543.00,335.00,336.00
2008-08-12,808.75,817.75,14.4500,1490.00,1494.00,310.00,316.00
2008-08-13,824.00,818.50,14.6800,1510.00,1485.00,316.00,310.00
2008-08-14,833.25,818.00,14.8600,1532.00,1512.00,322.00,315.00
2008-08-15,784.75,786.50,12.8200,1390.00,1400.00,286.00,295.50
2008-08-18,797.50,796.25,13.0100,1382.00,1384.00,286.00,282.00
2008-08-19,791.00,788.75,13.0100,1313.00,1319.00,274.00,279.00
2008-08-20,806.75,815.75,13.2700,1357.00,1365.00,285.00,283.00
2008-08-21,821.00,833.50,13.5900,1397.00,1412.00,288.00,290.00
2008-08-22,830.00,824.00,13.6200,1455.00,1427.00,292.00,288.00
2008-08-26,809.75,827.00,13.0500,1423.00,1425.00,290.00,288.00
2008-08-27,833.50,827.00,13.7600,1437.00,1440.00,293.00,292.00
2008-08-28,832.00,838.25,13.7800,1446.00,1494.00,292.00,297.00
2008-08-29,836.50,833.00,13.7600,1475.00,1479.00,299.00,302.00
2008-09-01,832.00,822.25,13.5800,1451.00,1442.00,304.00,300.00
2008-09-02,802.50,798.50,13.1800,1392.00,1380.00,291.00,286.00
2008-09-03,794.50,803.50,12.7900,1386.00,1392.00,287.00,288.00
2008-09-04,810.50,805.75,13.0200,1423.00,1412.00,295.00,290.00
2008-09-05,796.25,808.50,12.7200,1365.00,1387.00,275.00,277.00
2008-09-08,806.50,808.00,12.3800,1365.00,1376.00,271.00,273.00
2008-09-09,799.75,781.75,12.0400,1285.00,1270.00,250.00,242.00
2008-09-10,774.25,775.75,11.2700,1200.00,1213.00,232.00,231.00
2008-09-11,742.75,740.75,10.6600,1152.00,1170.00,218.00,232.00
2008-09-12,757.50,750.25,10.8000,1183.00,1187.00,245.00,241.00
2008-09-15,779.25,775.00,10.8400,1200.00,1176.00,244.00,234.00
2008-09-16,779.75,779.50,10.8800,1120.00,1081.00,227.00,224.00
2008-09-17,785.50,813.00,10.7700,1097.00,1073.00,226.00,224.00
2008-09-18,864.25,863.00,12.9300,1118.00,1132.00,238.00,237.00
2008-09-19,837.50,869.00,12.1500,1083.00,1155.00,229.00,233.00
2008-09-22,873.00,889.00,12.9850,1193.00,1197.00,246.00,250.00
2008-09-23,892.50,899.00,13.3800,1225.00,1210.00,253.00,249.00
2008-09-24,888.50,896.00,13.2900,1225.00,1225.00,253.00,249.50
2008-09-25,889.00,888.50,13.3400,1195.00,1195.00,249.00,242.00
2008-09-26,869.00,902.00,13.1800,1147.00,1140.00,237.00,235.00
2008-09-29,876.50,905.00,13.0600,1107.00,1093.00,221.00,218.00
2008-09-30,897.00,884.50,12.9600,1047.00,1004.00,203.00,199.00
2008-10-01,876.00,880.00,12.2800,1040.00,1010.00,207.00,201.00
2008-10-02,866.25,852.00,12.2500,985.00,995.00,207.00,205.00
2008-10-03,842.50,828.00,11.2000,962.00,959.00,203.00,197.00
2008-10-06,836.50,875.50,11.2900,959.00,983.00,198.00,198.00
2008-10-07,881.75,876.75,11.6400,1002.00,1008.00,202.00,203.00
2008-10-08,913.00,903.50,11.6500,999.00,1004.00,202.00,200.00
2008-10-09,886.75,883.50,11.6400,1003.00,1027.00,200.00,203.00
2008-10-10,918.00,900.50,11.7400,1019.00,1001.00,197.00,190.00
2008-10-13,865.00,831.50,10.6100,986.00,987.00,199.00,200.00
2008-10-14,849.50,832.50,10.8900,1031.00,1032.00,204.00,201.00
2008-10-15,848.50,847.00,10.9200,1006.00,985.00,200.00,197.00
2008-10-16,834.50,802.50,9.9900,917.00,917.00,186.00,180.00
2008-10-17,801.00,784.50,9.5600,868.00,856.00,171.00,172.00
2008-10-20,803.00,795.00,9.7900,912.00,877.00,178.00,182.00
2008-10-21,781.00,772.00,9.8600,887.00,882.00,182.00,182.00
2008-10-22,757.50,744.00,9.8400,852.00,852.00,179.00,178.00
2008-10-23,726.00,720.00,9.3400,837.00,790.00,175.00,171.00
2008-10-24,692.50,712.50,8.8800,768.00,778.00,172.00,168.00
2008-10-27,720.50,730.50,9.0100,756.00,763.00,168.00,171.00
2008-10-28,745.00,730.50,9.0900,796.00,811.00,175.00,182.00
2008-10-29,749.25,764.00,9.3800,797.00,817.00,189.00,203.00
2008-10-30,772.25,755.25,10.0200,856.00,841.00,202.00,205.00
2008-10-31,728.50,730.75,9.2800,790.00,814.00,196.00,198.00
2008-11-03,734.00,729.50,10.0500,838.00,821.00,199.00,199.50
2008-11-04,734.00,741.25,9.9500,824.00,827.00,203.00,208.00
2008-11-05,753.25,753.75,10.2800,843.00,870.00,212.00,216.00
2008-11-06,739.00,754.50,10.4100,862.00,862.00,225.00,233.00
2008-11-07,742.00,735.25,10.1300,865.00,849.00,231.00,227.00
2008-11-10,751.75,753.00,10.3100,875.00,880.00,228.00,227.00
2008-11-11,741.75,733.75,9.9400,844.00,821.00,223.00,221.00
2008-11-12,731.50,724.75,9.6500,831.00,824.00,218.00,216.50
2008-11-13,714.00,713.50,9.3650,834.00,826.00,212.50,211.00
2008-11-14,729.50,747.50,9.3300,840.00,845.00,218.00,216.00
2008-11-17,745.00,734.00,9.5000,842.00,814.00,217.00,216.50
2008-11-18,736.50,738.00,9.3800,822.00,819.00,216.00,216.00
2008-11-19,737.75,762.00,9.4000,837.00,826.00,216.00,214.00
2008-11-20,745.25,738.00,9.3900,803.00,797.00,183.00,179.00
2008-11-21,758.50,774.50,9.1700,809.00,812.00,184.00,183.00
2008-11-24,816.75,822.50,10.0400,834.00,843.00,185.00,195.00
2008-11-25,802.50,820.50,10.3300,854.00,867.00,193.00,200.00
2008-11-26,817.00,812.50,10.3000,868.00,867.00,195.00,196.00
2008-11-27,813.50,814.00,10.2600,862.00,860.00,191.00,187.00
2008-11-28,813.50,814.50,10.1200,858.00,876.00,186.00,187.00
2008-12-01,795.50,778.00,9.9100,822.00,810.00,181.00,174.00
2008-12-02,772.50,780.00,9.4100,803.00,810.00,171.50,172.00
2008-12-03,773.50,766.25,9.4300,813.00,804.00,170.00,173.00
2008-12-04,772.75,773.25,9.5800,808.00,794.00,172.00,171.00
2008-12-05,771.75,749.00,9.4600,805.00,788.00,174.00,164.00
2008-12-08,772.25,767.25,9.7300,842.00,842.00,178.00,175.00
2008-12-09,771.00,767.75,9.8300,817.00,807.00,173.00,176.00
2008-12-10,785.75,802.25,9.9600,825.00,824.00,177.00,178.00
2008-12-11,821.00,827.75,10.3900,837.00,842.00,183.00,181.00
2008-12-12,813.75,826.50,10.0700,823.00,801.00,174.00,172.00
2008-12-15,827.50,826.00,10.3300,834.00,834.00,174.00,175.00
2008-12-16,833.50,838.25,10.5000,833.00,830.00,175.00,174.00
2008-12-17,853.75,870.00,10.9800,858.00,855.00,178.00,178.00
2008-12-18,872.50,855.25,11.2900,874.00,862.00,180.00,178.00
2008-12-19,839.00,835.75,10.6100,854.00,848.00,177.00,176.00
2008-12-22,846.00,849.00,10.9700,857.00,858.00,177.00,176.00
2008-12-23,844.00,843.50,10.7000,855.00,851.00,173.00,174.00
2008-12-24,836.75,,10.2900,856.00,,175.00,
2008-12-29,881.00,880.25,10.9300,920.00,904.00,182.00,184.00
2008-12-30,870.00,869.75,10.8300,907.00,898.00,183.50,183.00
2008-12-31,865.00,,10.7900,899.00,,183.50,
2009-01-02,869.75,874.50,11.0800,934.00,926.00,185.00,185.00
2009-01-05,860.00,853.50,11.0700,935.00,920.00,186.00,183.50
2009-01-06,844.00,848.25,10.8500,945.00,955.00,185.00,196.50
2009-01-07,864.00,848.50,11.4100,991.00,1000.00,199.00,202.50
2009-01-08,842.50,855.75,10.8800,988.00,987.00,193.50,199.00
2009-01-09,854.00,847.25,11.2200,991.00,988.00,196.00,196.00
2009-01-12,848.50,827.00,11.0900,991.00,964.00,192.00,186.00
2009-01-13,815.50,826.50,10.6200,940.00,931.00,183.00,183.00
2009-01-14,827.25,821.50,10.7700,960.00,935.00,184.00,181.00
2009-01-15,813.00,810.00,10.5100,915.00,918.00,176.00,179.00
2009-01-16,824.25,833.75,10.7800,935.00,943.00,182.00,185.00
2009-01-19,842.50,833.00,11.1600,965.00,954.00,187.00,186.00
2009-01-20,835.00,853.25,11.3200,945.00,947.00,182.00,185.00
2009-01-21,860.50,849.25,11.3400,939.00,927.00,185.00,182.00
2009-01-22,847.75,860.00,11.3200,930.00,930.00,185.00,184.00
2009-01-23,873.00,875.75,11.4600,929.00,928.00,183.00,
2009-01-26,906.50,910.25,12.1000,959.00,952.00,193.00,191.00
2009-01-27,896.00,897.50,11.9100,949.00,948.00,190.00,189.00
2009-01-28,891.25,895.25,11.9800,942.00,956.00,190.00,192.00
2009-01-29,878.50,892.25,11.7400,953.00,953.00,190.00,191.00
2009-01-30,918.50,919.50,12.5100,975.00,983.00,192.00,196.00
2009-02-02,913.75,918.25,12.4300,975.00,966.00,195.00,193.50
2009-02-03,902.00,904.50,12.3700,967.00,963.00,196.00,195.00
2009-02-04,902.25,905.00,12.4000,964.00,962.00,193.00,190.50
2009-02-05,914.75,920.00,12.8000,975.00,981.00,199.00,200.50
2009-02-06,914.00,913.00,12.8900,982.00,989.00,202.00,208.00
2009-02-09,901.00,895.00,13.0100,982.00,981.00,210.00,207.00
2009-02-10,896.00,909.75,12.9600,1008.00,1031.00,209.00,214.00
2009-02-11,922.00,938.00,13.3900,1045.00,1040.00,212.00,211.50
2009-02-12,944.00,943.25,13.3400,1084.00,1067.00,216.00,204.00
2009-02-13,939.25,935.50,13.3700,1063.00,1055.00,215.00,213.00
2009-02-16,943.00,942.50,13.5500,1064.00,1064.00,216.00,215.00
2009-02-17,962.25,968.00,13.9000,1078.00,1083.00,218.00,217.00
2009-02-18,964.75,964.00,14.0500,1113.00,1087.00,219.00,218.00
2009-02-19,973.50,980.50,14.2600,1074.00,1063.00,215.00,214.00
2009-02-20,981.00,989.00,14.2800,1083.00,1086.00,216.00,216.00
2009-02-23,987.00,985.75,14.3600,1083.00,1074.00,215.00,204.00
2009-02-24,989.75,984.25,14.3900,1083.00,1064.00,206.00,203.00
2009-02-25,956.25,978.50,13.8100,1040.00,1041.00,198.00,198.00
2009-02-26,945.00,936.50,13.4800,1045.00,1058.00,198.00,197.00
2009-02-27,943.75,952.00,13.2100,1054.00,1059.00,196.00,195.00
2009-03-02,949.50,937.25,13.1400,1094.00,1090.00,198.00,198.00
2009-03-03,924.75,913.75,12.6800,1048.00,1046.00,193.00,191.00
2009-03-04,911.00,908.50,12.8700,1045.00,1039.00,194.00,194.00
2009-03-05,913.25,913.00,13.1500,1050.00,1056.00,198.00,198.00
2009-03-06,937.75,936.00,13.4600,1075.00,1071.00,202.00,202.50
2009-03-09,934.75,923.75,13.3600,1066.00,1064.00,199.00,198.00
2009-03-10,911.50,901.50,12.7100,1045.00,1041.00,197.00,195.00
2009-03-11,900.00,899.50,12.6200,1054.00,1048.00,198.00,196.00
2009-03-12,914.50,925.25,12.8400,1048.00,1052.00,198.00,197.50
2009-03-13,920.00,928.00,13.1100,1050.00,1048.00,197.00,198.00
2009-03-16,923.00,919.50,13.0600,1057.00,1054.00,198.00,198.50
2009-03-17,920.00,915.50,12.8600,1052.00,1047.00,199.00,195.00
2009-03-18,910.75,893.25,12.6100,1050.00,1044.00,196.00,194.00
2009-03-19,937.25,956.50,13.1300,1055.00,1087.00,197.00,203.00
2009-03-20,957.00,954.00,13.6500,1118.00,1110.00,207.00,206.00
2009-03-23,952.75,949.25,13.7600,1125.00,1131.00,209.00,209.00
2009-03-24,928.75,923.75,13.5100,1119.00,1109.00,211.00,206.00
2009-03-25,921.25,929.00,13.1600,1123.00,1122.00,206.00,207.00
2009-03-26,935.50,938.25,13.6000,1144.00,1152.00,217.00,222.00
2009-03-27,927.00,924.00,13.2200,1142.00,1131.00,220.00,215.00
2009-03-30,923.00,928.00,12.9600,1126.00,1120.00,215.00,213.00
2009-03-31,918.50,916.50,13.1100,1125.00,1124.00,214.00,215.00
2009-04-01,919.50,924.50,12.9800,1127.00,1128.00,217.00,216.00
2009-04-02,914.75,897.75,12.8800,1140.00,1139.00,220.00,219.00
2009-04-03,901.50,905.00,12.8600,1153.00,1159.00,222.00,221.00
2009-04-06,879.50,870.25,12.4100,1153.00,1150.00,223.00,224.00
2009-04-07,879.25,879.75,12.1700,1163.00,1161.00,224.50,225.00
2009-04-08,887.25,880.00,12.2800,1155.00,1184.00,225.00,229.00
2009-04-09,883.75,880.50,12.3000,1205.00,1195.00,233.00,235.00
2009-04-14,895.00,887.50,12.6500,1229.00,1222.00,239.00,235.00
2009-04-15,892.25,891.00,12.9350,1228.00,1216.00,235.00,234.00
2009-04-16,889.00,880.50,12.6500,1218.00,1213.00,237.00,235.00
2009-04-17,872.00,870.50,11.9800,1213.00,1215.00,234.00,233.00
2009-04-20,870.00,877.00,12.0600,1181.00,1180.00,233.00,233.00
2009-04-21,888.75,888.75,12.1400,1171.00,1158.00,227.00,227.00
2009-04-22,885.00,886.00,12.1200,1159.00,1174.00,225.00,231.00
2009-04-23,894.50,897.50,12.4300,1177.00,1177.00,231.00,231.00
2009-04-24,909.00,907.50,12.7800,1181.00,1175.00,234.00,233.00
2009-04-27,911.75,907.50,12.9800,1155.00,1145.00,231.00,226.00
2009-04-28,897.00,891.00,12.5600,1098.00,1078.00,217.00,213.00
2009-04-29,894.50,898.25,12.5000,1085.00,1088.00,216.00,218.00
2009-04-30,889.00,883.25,12.6300,1111.00,1093.00,222.00,218.00
2009-05-01,881.50,884.50,12.1500,1096.00,1076.00,212.50,212.00
2009-05-05,903.00,910.00,13.1100,1118.00,1135.00,218.00,223.00
2009-05-06,903.50,910.00,13.4400,1131.00,1136.00,223.00,225.50
2009-05-07,912.75,912.25,14.0100,1164.00,1161.00,235.00,241.00
2009-05-08,917.50,907.00,13.9000,1154.00,1149.00,241.00,242.00
2009-05-11,912.50,913.00,13.9000,1140.00,1114.00,239.50,235.00
2009-05-12,920.00,917.00,14.0900,1128.00,1130.00,236.00,234.50
2009-05-13,925.75,924.00,14.1400,1141.00,1121.00,237.00,230.50
2009-05-14,923.25,925.25,13.8400,1105.00,1106.00,223.50,223.50
2009-05-15,925.00,929.50,13.9200,1116.00,1109.00,225.00,224.50
2009-05-18,929.75,921.00,13.7900,1108.00,1108.00,225.00,226.00
2009-05-19,921.50,924.75,13.8800,1135.00,1136.00,233.00,231.00
2009-05-20,928.50,939.50,14.2900,1148.00,1144.00,233.00,234.00
2009-05-21,940.00,937.50,14.2300,1152.00,1138.00,235.00,233.00
2009-05-22,952.50,959.75,14.6600,1145.00,1149.00,231.00,234.00
2009-05-26,942.00,945.00,14.3000,1134.00,1128.00,231.00,229.00
2009-05-27,949.50,951.00,14.5000,1136.00,1134.00,230.00,227.00
2009-05-28,949.75,957.75,14.8800,1126.00,1128.00,224.00,225.00
2009-05-29,972.00,975.50,15.5200,1163.00,1175.00,235.00,236.00
2009-06-01,987.00,981.75,15.8600,1218.00,1214.00,238.00,235.50
2009-06-02,973.50,980.00,15.6200,1209.00,1217.00,238.00,244.00
2009-06-03,979.00,976.75,15.9700,1247.00,1247.00,251.00,247.00
2009-06-04,967.25,970.75,15.3000,1250.00,1250.00,245.00,246.00
2009-06-05,977.75,962.00,15.6500,1293.00,1275.00,264.00,257.00
2009-06-08,946.50,943.75,14.8400,1235.00,1226.00,249.00,246.00
2009-06-09,952.50,956.00,14.9300,1245.00,1246.00,252.00,251.00
2009-06-10,961.25,953.75,15.3900,1270.00,1267.00,257.00,261.50
2009-06-11,953.00,947.50,15.0900,1262.00,1253.00,256.50,257.00
2009-06-12,950.00,937.25,15.0700,1253.00,1241.00,255.00,252.50
2009-06-15,932.00,932.25,14.3100,1229.00,1234.00,247.00,249.00
2009-06-16,936.75,934.00,14.3000,1224.00,1227.00,247.00,245.00
2009-06-17,933.75,930.50,14.0200,1211.00,1201.00,243.00,239.00
2009-06-18,936.75,940.50,14.1900,1206.00,1206.00,241.50,242.00
2009-06-19,933.75,935.25,14.2300,1209.00,1212.00,241.00,243.00
2009-06-22,924.00,919.25,13.8300,1197.00,1186.00,243.00,236.00
2009-06-23,920.25,920.75,13.7700,1165.00,1169.00,234.00,235.00
2009-06-24,928.75,933.50,13.8800,1175.00,1173.00,237.00,238.00
2009-06-25,934.25,937.25,13.8700,1176.00,1176.00,236.00,236.00
2009-06-26,943.00,942.00,14.2600,1208.00,1203.00,244.00,245.00
2009-06-29,939.75,935.50,14.0700,1184.00,1184.00,245.00,247.00
2009-06-30,941.00,934.50,13.9400,1196.00,1186.00,251.00,249.00
2009-07-01,931.50,938.25,13.6500,1176.00,1188.00,249.00,253.00
2009-07-02,936.00,929.50,13.4100,1188.00,1185.00,252.00,249.00
2009-07-03,932.50,932.50,13.4400,1183.00,1185.00,250.00,250.00
2009-07-06,921.50,924.50,13.0300,1160.00,1150.00,243.00,244.00
2009-07-07,925.75,924.00,13.3200,1141.00,1143.00,242.00,242.00
2009-07-08,920.75,918.00,13.0500,1113.00,1110.00,237.00,237.00
2009-07-09,914.75,911.75,12.8900,1113.00,1108.00,238.00,238.00
2009-07-10,910.00,913.00,12.6300,1106.00,1095.00,234.00,234.00
2009-07-13,908.50,908.50,12.4700,1092.00,1097.00,233.00,232.00
2009-07-14,921.75,924.75,12.8800,1124.00,1129.00,236.50,237.00
2009-07-15,930.00,938.00,13.2700,1145.00,1158.00,242.00,246.00
2009-07-16,935.25,935.00,13.2100,1158.00,1165.00,245.00,247.00
2009-07-17,934.50,937.50,13.1600,1169.00,1165.00,247.00,245.50
2009-07-20,952.25,952.75,13.7400,1174.00,1181.00,248.00,251.00
2009-07-21,947.75,947.75,13.5200,1179.00,1181.00,253.00,256.00
2009-07-22,945.50,948.25,13.4000,1165.00,1166.00,254.00,254.00
2009-07-23,955.25,950.00,13.7600,1178.00,1176.00,256.00,256.00
2009-07-24,949.75,951.50,13.7800,1180.00,1186.00,257.00,258.00
2009-07-27,956.00,955.00,14.0600,1203.00,1211.00,259.00,261.00
2009-07-28,955.00,944.25,14.0200,1212.00,1213.00,262.00,263.00
2009-07-29,935.50,931.00,13.6000,1192.00,1171.00,258.00,254.00
2009-07-30,932.00,932.50,13.4000,1172.00,1180.00,256.00,255.00
2009-07-31,936.50,939.00,13.6300,1186.00,1189.00,258.00,256.00
2009-08-03,954.25,959.75,14.2900,1210.00,1215.00,262.00,268.00
2009-08-04,953.50,960.50,14.0800,1228.00,1236.00,270.00,273.00
2009-08-05,964.50,960.50,14.6700,1286.00,1278.00,280.00,277.00
2009-08-06,960.75,964.00,14.6700,1284.00,1281.00,275.00,273.00
2009-08-07,960.50,956.00,14.6500,1237.00,1260.00,270.00,271.00
2009-08-10,953.50,945.00,14.4700,1252.00,1242.00,274.00,272.00
2009-08-11,946.00,942.75,14.3550,1253.00,1247.00,273.00,274.00
2009-08-12,943.50,947.25,14.2800,1227.00,1234.00,269.00,269.00
2009-08-13,956.00,953.50,15.0700,1260.00,1264.00,274.00,275.00
2009-08-14,957.50,953.60,14.9800,1271.00,1267.00,276.00,277.50
2009-08-17,937.50,932.75,14.1300,1238.00,1232.00,271.00,271.00
2009-08-18,938.25,935.00,14.0900,1236.00,1221.00,271.00,268.00
2009-08-19,934.25,943.00,13.5850,1222.00,1230.00,269.00,270.00
2009-08-20,943.50,940.50,14.0400,1250.00,1241.00,275.00,272.00
2009-08-21,941.50,952.50,14.0100,1232.00,1239.00,272.00,275.00
2009-08-24,953.75,951.50,14.4100,1251.00,1244.00,283.00,282.00
2009-08-25,947.50,950.50,14.1100,1239.00,1243.00,282.00,288.00
2009-08-26,949.50,940.50,14.3200,1248.00,1240.00,287.00,286.00
2009-08-27,943.50,943.00,14.2000,1235.00,1234.00,284.50,285.00
2009-08-28,950.75,955.50,14.5400,1234.00,1244.00,286.00,289.00
2009-09-01,949.75,955.00,14.7400,1249.00,1234.00,291.00,289.00
2009-09-02,955.00,964.75,14.9100,1212.00,1210.00,284.00,283.00
2009-09-03,982.50,983.00,15.7300,1242.00,1241.00,287.00,290.00
2009-09-04,987.25,989.00,15.9500,1248.00,1250.00,290.00,290.00
2009-09-07,992.75,993.00,16.2100,1263.00,1255.00,292.00,292.00
2009-09-08,1004.50,1000.75,16.7500,1274.00,1280.00,295.00,296.00
2009-09-09,995.75,999.50,16.2400,1283.00,1286.00,290.00,294.50
2009-09-10,988.50,990.75,16.0900,1281.00,1279.00,291.00,290.00
2009-09-11,998.25,1008.25,16.8900,1287.00,1292.00,291.00,292.00
2009-09-14,994.25,999.25,16.3500,1298.00,1309.00,290.00,291.00
2009-09-15,997.50,996.00,16.5200,1309.00,1303.00,292.00,289.50
2009-09-16,1017.00,1015.75,17.2900,1333.00,1339.00,297.00,298.00
2009-09-17,1020.50,1018.50,17.3800,1343.00,1336.00,299.00,299.00
2009-09-18,1014.00,1012.00,17.1100,1326.00,1337.00,300.00,304.00
2009-09-21,999.25,997.00,16.6800,1313.00,1310.00,298.00,294.00
2009-09-22,1015.75,1014.00,17.2400,1327.00,1330.00,298.00,302.00
2009-09-23,1014.75,1010.25,17.1000,1333.00,1325.00,301.00,299.00
2009-09-24,1014.00,1009.75,16.7600,1318.00,1325.00,294.00,298.00
2009-09-25,997.00,991.50,16.2000,1295.00,1281.00,295.00,293.00
2009-09-28,990.50,991.75,15.9100,1278.00,1272.50,290.00,287.00
2009-09-29,991.75,989.50,16.0700,1278.00,1270.00,290.00,288.00
2009-09-30,1001.25,995.75,16.4500,1283.00,1287.00,291.00,294.00
2009-10-01,1005.75,1004.75,16.5500,1294.00,1292.00,295.00,293.00
2009-10-02,998.00,1003.50,16.2100,1275.00,1269.00,291.00,292.00
2009-10-05,1004.25,1005.50,16.2300,1285.00,1279.00,297.00,298.00
2009-10-06,1020.25,1038.75,16.9500,1300.00,1310.00,299.50,302.00
2009-10-07,1047.00,1040.25,17.4000,1336.00,1323.00,312.00,312.00
2009-10-08,1054.75,1045.00,17.8000,1336.00,1335.00,316.00,317.50
2009-10-09,1046.75,1051.50,17.6300,1335.00,1337.00,323.00,323.00
2009-10-12,1052.00,1058.75,17.8900,1333.00,1340.00,321.00,324.00
2009-10-13,1064.50,1057.50,17.9900,1357.00,1356.00,335.00,331.00
2009-10-14,1066.00,1059.50,17.9300,1358.00,1356.00,329.00,326.00
2009-10-15,1052.50,1053.50,17.5400,1347.00,1337.00,325.00,326.00
2009-10-16,1047.75,1047.50,17.3100,1341.00,1340.00,325.00,327.00
2009-10-19,1054.50,1050.50,17.5200,1350.00,1352.00,329.00,331.00
2009-10-20,1064.00,1061.75,17.7550,1359.00,1371.00,334.00,339.00
2009-10-21,1053.50,1053.75,17.3900,1355.00,1346.00,336.00,334.00
2009-10-22,1054.75,1053.00,17.5500,1356.00,1358.00,335.00,335.00
2009-10-23,1061.25,1061.75,17.6500,1369.00,1372.00,335.00,338.00
2009-10-26,1055.00,1054.00,17.6100,1359.00,1364.00,335.00,336.00
2009-10-27,1040.75,1036.50,17.0600,1328.00,1323.00,330.00,328.00
2009-10-28,1035.50,1031.75,16.3300,1315.00,1313.00,325.00,325.00
2009-10-29,1034.00,1040.50,16.3300,1318.00,1328.00,319.00,324.00
2009-10-30,1044.50,1040.00,16.5700,1328.00,1320.00,327.00,324.00
2009-11-02,1052.00,1062.00,16.5800,1334.00,1330.00,326.00,324.00
2009-11-03,1058.00,1061.00,16.3500,1334.00,1325.00,321.00,318.00
2009-11-04,1091.75,1090.00,17.4800,1360.00,1359.00,329.00,330.00
2009-11-05,1088.00,1089.00,17.3800,1360.00,1359.00,331.00,330.00
2009-11-06,1095.00,1096.75,17.5250,1362.00,1347.00,330.00,
2009-11-09,1108.50,1106.75,17.6800,1360.00,1355.00,331.50,333.00
2009-11-10,1099.75,1101.50,17.2600,1354.00,1354.00,332.00,333.00
2009-11-11,1114.75,1115.25,17.6300,1365.00,1365.00,338.00,340.00
2009-11-12,1116.00,1114.75,17.5100,1367.00,1365.00,351.00,354.50
2009-11-13,1107.50,1104.00,17.3225,1359.00,1359.00,354.00,354.00
2009-11-16,1128.75,1130.00,17.7400,1418.00,1424.00,363.00,369.00
2009-11-17,1131.75,1134.75,18.1000,1442.00,1438.00,371.00,368.00
2009-11-18,1146.00,1149.00,18.7400,1459.00,1449.00,375.00,372.00
2009-11-19,1136.00,1135.50,18.2000,1430.00,1435.00,366.00,370.00
2009-11-20,1142.50,1140.00,18.1800,1430.00,1435.00,361.00,360.00
2009-11-23,1166.00,1169.50,18.7600,1469.00,1464.00,370.00,370.00
2009-11-24,1170.25,1163.25,18.5700,1453.00,1458.00,371.50,371.00
2009-11-25,1176.50,1179.75,18.6300,1463.00,1469.00,373.00,375.00
2009-11-26,1183.00,1182.75,18.4900,1454.00,1455.00,369.00,368.00
2009-11-27,1164.50,1166.50,17.7400,1418.00,1424.00,363.00,369.00
2009-11-30,1172.00,1175.75,18.1400,1440.00,1442.00,362.00,360.50
2009-12-01,1193.50,1192.50,18.7200,1468.00,1470.00,381.00,380.00
2009-12-02,1211.50,1212.50,19.1800,1492.00,1485.00,388.00,386.00
2009-12-03,1218.25,1208.75,19.1100,1500.00,1494.00,389.00,386.00
2009-12-04,1203.25,1190.25,18.8300,1484.00,1472.00,382.00,378.00
2009-12-07,1147.50,1142.50,18.0400,1433.00,1430.00,366.50,367.50
2009-12-08,1164.25,1146.75,18.1100,1455.00,1439.00,377.00,374.00
2009-12-09,1142.25,1141.00,17.7700,1424.00,1422.00,369.00,367.00
2009-12-10,1125.75,1128.50,17.3900,1413.00,1416.00,364.00,365.00
2009-12-11,1140.00,1124.00,17.5100,1436.00,1429.00,367.00,367.00
2009-12-14,1120.00,1123.75,17.1900,1437.00,1436.00,364.00,364.50
2009-12-15,1115.00,1122.00,17.1800,1437.00,1434.00,364.00,363.00
2009-12-16,1134.00,1137.50,17.6000,1448.00,1457.00,366.00,373.00
2009-12-17,1121.50,1117.00,17.4000,1441.00,1432.00,370.00,370.00
2009-12-18,1106.50,1104.50,17.3100,1435.00,1417.00,366.00,365.00
2009-12-21,1113.25,1105.50,17.2700,1430.00,1429.00,366.00,368.00
2009-12-22,1094.25,1084.00,16.9500,1421.00,1410.00,362.00,359.00
2009-12-23,1080.50,1085.25,16.9200,1397.00,1399.00,355.00,356.00
2009-12-24,1104.50,,17.3200,1456.00,,377.00,
2009-12-29,1103.00,1106.00,17.4200,1473.00,1472.00,388.00,389.00
2009-12-30,1092.50,1087.50,16.9200,1464.00,1461.00,391.00,393.00
2009-12-31,1104.00,,16.9900,1466.00,,402.00,
2010-01-04,1113.00,1121.50,17.1700,1496.00,1500.00,420.00,421.00
2010-01-05,1125.25,1123.25,17.5700,1525.00,1518.00,425.00,421.00
2010-01-06,1125.00,1130.00,17.8900,1548.00,1556.00,424.00,422.00
2010-01-07,1130.75,1130.25,18.0900,1542.00,1548.00,423.00,426.00
2010-01-08,1121.75,1126.75,18.1200,1547.00,1569.00,424.00,431.00
2010-01-11,1158.00,1153.00,18.8400,1582.00,1593.00,429.50,429.00
2010-01-12,1152.75,1151.25,18.4100,1613.00,1576.00,435.00,432.00
2010-01-13,1132.75,1127.25,18.3500,1563.00,1577.00,421.00,423.00
2010-01-14,1137.50,1138.25,18.5800,1581.00,1600.00,429.00,438.00
2010-01-15,1132.00,1128.00,18.5200,1610.00,1600.00,452.00,449.00
2010-01-18,1135.75,1134.50,18.6600,1622.00,1615.00,459.00,454.00
2010-01-19,1134.00,1133.00,18.5000,1641.00,1621.00,462.00,456.00
2010-01-20,1129.00,1120.25,18.4800,1639.00,1627.00,460.00,457.00
2010-01-21,1104.00,1108.25,17.6800,1603.00,1612.00,462.00,462.00
2010-01-22,1096.50,1084.00,17.2800,1556.00,1540.00,435.00,432.00
2010-01-25,1103.50,1095.25,17.1600,1543.00,1543.00,438.00,436.00
2010-01-26,1090.75,1093.25,16.7900,1520.00,1512.00,428.00,428.00
2010-01-27,1094.75,1094.75,16.7400,1514.00,1519.00,418.00,420.00
2010-01-28,1091.75,1088.00,16.6200,1517.00,1517.00,421.00,426.00
2010-01-29,1082.75,1078.50,16.2900,1514.00,1512.00,419.00,419.00
2010-02-01,1082.00,1086.50,16.2300,1516.00,1520.00,419.00,424.00
2010-02-02,1114.00,1111.00,16.7800,1548.00,1555.00,434.00,439.00
2010-02-03,1118.50,1115.25,16.7900,1586.00,1578.00,446.00,442.00
2010-02-04,1102.50,1083.25,16.1300,1550.00,1549.00,430.00,431.00
2010-02-05,1052.25,1058.00,15.1700,1477.00,1475.00,387.00,395.00
2010-02-08,1070.00,1064.00,15.1400,1490.00,1477.00,406.00,405.00
2010-02-09,1068.00,1071.25,15.2000,1489.00,1496.00,410.00,415.00
2010-02-10,1075.50,1069.50,15.6000,1499.00,1511.00,416.00,416.00
2010-02-11,1079.50,1076.25,15.3700,1516.00,1511.00,416.00,418.00
2010-02-12,1078.25,1082.00,15.3300,1513.00,1505.00,414.00,416.00
2010-02-15,1099.50,1098.25,15.5700,1517.00,1513.00,418.00,418.00
2010-02-16,1115.25,1115.25,15.8200,1530.00,1534.00,431.00,431.00
2010-02-17,1118.25,1119.00,16.2100,1548.00,1542.00,438.00,440.00
2010-02-18,1105.50,1118.00,15.8300,1512.00,1524.00,429.00,434.00
2010-02-19,1107.00,1112.75,15.9500,1506.00,1513.00,428.00,435.00
2010-02-22,1119.75,1115.25,16.4400,1537.00,1535.00,442.00,441.00
2010-02-23,1112.00,1107.00,16.1000,1539.00,1518.00,445.00,438.00
2010-02-24,1093.00,1103.00,15.7600,1497.00,1504.00,429.00,427.00
2010-02-25,1092.75,1094.50,15.9200,1510.00,1514.00,416.00,420.00
2010-02-26,1112.50,1108.25,16.1200,1540.00,1533.00,430.00,430.00
2010-03-01,1117.25,1114.00,16.5000,1554.00,1548.00,438.00,437.00
2010-03-02,1116.00,1126.50,16.5700,1549.00,1562.00,438.00,439.50
2010-03-03,1136.25,1136.50,17.1700,1581.00,1580.00,444.00,444.00
2010-03-04,1136.25,1134.50,17.3400,1576.00,1579.00,458.00,456.00
2010-03-05,1135.00,1135.00,17.2500,1577.00,1578.00,465.00,466.00
2010-03-08,1134.00,1125.75,17.3300,1598.00,1603.00,477.00,475.00
2010-03-09,1120.00,1115.75,17.0500,1584.00,1574.00,462.00,459.00
2010-03-10,1124.50,1120.50,17.4700,1614.00,1605.00,473.00,471.00
2010-03-11,1106.00,1104.00,16.9100,1587.00,1580.00,451.00,447.00
2010-03-12,1118.75,1106.25,17.3100,1619.00,1619.00,466.00,464.00
2010-03-15,1104.00,1104.25,17.0200,1608.00,1616.00,458.00,463.00
2010-03-16,1113.25,1124.75,17.2400,1620.00,1624.00,462.50,467.00
2010-03-17,1131.25,1121.75,17.5400,1638.00,1636.00,476.00,476.00
2010-03-18,1122.75,1122.75,17.4900,1629.00,1633.00,474.00,477.00
2010-03-19,1121.50,1105.50,17.3100,1623.00,1617.00,477.00,476.00
2010-03-22,1104.25,1097.25,16.7800,1583.00,1582.00,458.00,454.00
2010-03-23,1100.75,1101.50,16.7800,1607.00,1598.00,458.00,458.00
2010-03-24,1094.00,1090.75,16.6800,1590.00,1586.00,454.00,456.00
2010-03-25,1093.50,1093.00,16.7900,1585.00,1593.00,447.00,448.00
2010-03-26,1098.00,1096.50,16.8500,1601.00,1596.00,458.00,456.00
2010-03-29,1111.25,1107.50,17.1500,1610.00,1611.00,461.00,473.00
2010-03-30,1109.75,1107.00,17.4100,1627.00,1622.00,473.00,472.00
2010-03-31,1109.50,1115.50,17.5000,1641.00,1645.00,479.00,479.00
2010-04-01,1116.00,1123.50,17.6900,1659.00,1660.00,489.00,491.00
2010-04-06,1124.00,1132.75,17.9200,1683.00,1700.00,496.00,504.00
2010-04-07,1133.25,1142.00,17.9700,1712.00,1710.00,509.00,508.00
2010-04-08,1146.50,1148.00,17.9800,1699.00,1707.00,501.00,503.00
2010-04-09,1156.00,1152.50,18.3400,1722.00,1718.00,511.00,511.00
2010-04-12,1163.50,1158.75,18.4900,1725.00,1728.00,515.00,515.00
2010-04-13,1149.25,1148.25,18.1600,1708.00,1714.00,510.00,518.00
2010-04-14,1159.00,1153.75,18.3900,1730.00,1728.00,545.00,545.00
2010-04-15,1151.25,1154.50,18.2700,1716.00,1718.00,540.00,542.00
2010-04-16,1157.00,1151.50,18.3500,1720.00,1708.00,542.00,532.00
2010-04-19,1127.50,1136.25,17.5000,1679.00,1683.00,522.00,523.00
2010-04-20,1142.50,1144.75,18.0000,1708.00,1714.00,542.00,543.00
2010-04-21,1143.75,1143.00,17.8200,1739.00,1730.00,563.00,559.00
2010-04-22,1144.25,1133.75,17.9800,1746.00,1731.00,566.00,558.00
2010-04-23,1140.00,1139.50,17.8900,1733.00,1725.00,560.00,555.00
2010-04-26,1154.00,1154.50,18.3500,1751.00,1752.00,570.00,571.00
2010-04-27,1152.25,1149.50,18.1600,1747.00,1722.00,562.00,550.00
2010-04-28,1164.25,1161.00,17.9600,1715.00,1714.00,535.00,543.00
2010-04-29,1170.00,1166.75,18.1500,1721.00,1711.00,546.00,542.00
2010-04-30,1175.25,1179.25,18.6200,1737.00,1738.00,551.00,552.00
2010-05-04,1184.25,1185.00,18.7100,1720.00,1712.00,540.00,529.00
2010-05-05,1172.00,1165.00,17.6300,1665.00,1636.00,510.00,493.00
2010-05-06,1178.00,1185.25,17.6900,1666.00,1662.00,507.00,507.00
2010-05-07,1199.60,1202.25,17.7000,1661.00,1651.00,507.00,505.00
2010-05-10,1188.25,1196.50,18.4600,1696.00,1694.00,531.00,528.00
2010-05-11,1209.00,1222.50,18.4200,1686.00,1689.00,522.00,521.00
2010-05-12,1241.25,1237.50,19.5900,1702.00,1703.00,534.00,537.00
2010-05-13,1235.00,1237.50,19.4300,1731.00,1728.00,542.00,543.00
2010-05-14,1238.75,1236.50,19.6400,1726.00,1721.00,541.00,536.00
2010-05-17,1230.25,1236.00,19.1100,1694.00,1692.00,515.00,515.00
2010-05-18,1215.00,1216.75,18.8200,1675.00,1681.00,503.00,507.00
2010-05-19,1209.50,1195.00,18.5300,1632.00,1612.00,475.00,472.00
2010-05-20,1187.25,1192.00,17.9300,1561.00,1515.00,438.00,420.00
2010-05-21,1183.50,1179.75,17.7200,1494.00,1492.00,416.00,419.00
2010-05-24,1183.75,1187.00,17.7800,1526.00,1525.00,446.00,450.00
2010-05-25,1189.50,1198.25,17.6300,1492.00,1493.00,426.00,428.00
2010-05-26,1212.50,1212.00,18.2700,1530.00,1533.00,450.00,447.00
2010-05-27,1210.75,1211.00,18.3600,1547.00,1535.00,452.00,455.00
2010-05-28,1214.00,1207.50,18.5300,1569.00,1555.00,469.00,471.00
2010-06-01,1219.75,1227.75,18.3000,1544.00,1550.00,454.00,457.00
2010-06-02,1221.00,1215.00,18.4300,1539.00,1542.00,452.00,450.00
2010-06-03,1219.75,1215.00,18.2700,1563.00,1565.00,462.00,462.00
2010-06-04,1203.50,1203.50,17.7600,1546.00,1527.00,450.00,440.00
2010-06-07,1212.40,1215.00,17.3600,1495.00,1500.00,421.00,423.00
2010-06-08,1248.00,1246.00,18.3400,1517.00,1516.00,432.00,428.00
2010-06-09,1235.00,1233.50,18.2700,1530.00,1537.00,445.00,453.00
2010-06-10,1220.00,1217.50,17.9800,1523.00,1530.00,448.00,450.00
2010-06-11,1220.50,1220.00,18.3100,1542.00,1539.00,451.00,449.00
2010-06-14,1229.50,1223.75,18.4300,1555.00,1556.00,458.00,457.00
2010-06-15,1223.00,1225.00,18.4200,1553.00,1558.00,456.00,460.00
2010-06-16,1235.50,1234.50,18.5100,1577.00,1568.00,472.00,471.00
2010-06-17,1234.50,1245.00,18.5000,1565.00,1577.00,471.00,482.00
2010-06-18,1244.00,1256.00,18.7700,1571.00,1578.00,478.00,484.00
2010-06-21,1259.50,1254.50,19.3700,1605.00,1605.00,498.00,502.00
2010-06-22,1235.25,1236.00,18.6250,1592.00,1585.00,492.00,487.00
2010-06-23,1243.00,1226.50,18.9100,1578.00,1575.00,486.00,485.00
2010-06-24,1233.25,1236.25,18.3800,1543.00,1549.00,467.00,466.00
2010-06-25,1242.50,1254.00,18.6500,1557.00,1556.00,472.00,471.00
2010-06-28,1256.00,1261.00,19.1100,1584.00,1581.00,480.00,481.00
2010-06-29,1236.00,1234.50,18.5700,1542.00,1545.00,460.00,463.00
2010-06-30,1240.50,1244.00,18.7400,1533.00,1532.00,449.00,446.00
2010-07-01,1240.00,1234.00,18.6500,1518.00,1514.00,441.00,433.50
2010-07-02,1210.50,1201.50,17.9800,1516.00,1508.00,438.00,433.00
2010-07-05,1208.50,1208.00,17.8500,1511.00,1506.00,433.00,429.00
2010-07-06,1210.75,1195.00,17.8500,1521.00,1509.00,439.00,432.00
2010-07-07,1186.00,1193.25,17.6500,1503.00,1512.00,433.00,439.00
2010-07-08,1201.25,1193.50,18.0000,1526.00,1528.00,447.00,447.00
2010-07-09,1196.25,1208.75,17.8700,1525.00,1527.00,448.00,454.00
2010-07-12,1203.75,1205.50,18.0600,1524.00,1526.00,454.00,456.00
2010-07-13,1206.50,1216.00,18.0000,1523.00,1534.00,455.00,463.00
2010-07-14,1212.25,1207.00,18.2900,1528.00,1523.00,467.00,465.00
2010-07-15,1211.75,1208.00,18.4200,1529.00,1530.00,468.00,470.00
2010-07-16,1204.75,1189.25,18.2500,1518.00,1512.00,463.00,456.00
2010-07-19,1190.25,1181.00,17.7800,1515.00,1499.00,456.00,447.00
2010-07-20,1181.50,1183.00,17.5500,1511.00,1502.00,445.00,438.00
2010-07-21,1191.25,1191.50,17.8800,1509.00,1524.00,448.00,453.00
2010-07-22,1187.00,1199.50,17.8200,1518.00,1519.00,449.00,
2010-07-23,1198.75,1190.50,18.1700,1545.00,1541.00,462.00,460.00
2010-07-26,1189.00,1183.50,18.0100,1551.00,1546.00,476.00,477.00
2010-07-27,1184.00,1168.00,18.1600,1558.00,1560.00,476.00,478.00
2010-07-28,1164.00,1157.00,17.6300,1540.00,1535.00,470.00,469.00
2010-07-29,1166.00,1162.50,17.6000,1545.00,1553.00,473.00,488.00
2010-07-30,1168.00,1169.00,17.6600,1555.00,1555.00,491.00,487.00
2010-08-02,1178.00,1188.50,18.1100,1586.00,1587.00,498.00,501.00
2010-08-03,1184.00,1187.50,18.4200,1590.00,1590.00,509.00,514.00
2010-08-04,1194.50,1199.50,18.5000,1587.00,1590.00,500.00,504.00
2010-08-05,1195.50,1192.50,18.3500,1576.00,1577.00,495.00,497.00
2010-08-06,1194.50,1207.75,18.3000,1567.00,1571.00,488.00,491.00
2010-08-09,1206.00,1203.00,18.4800,1558.00,1558.00,487.00,485.00
2010-08-10,1196.75,1192.50,18.0900,1542.00,1539.00,476.00,479.00
2010-08-11,1198.00,1205.50,18.1200,1534.00,1540.00,475.00,475.00
2010-08-12,1200.00,1213.00,17.9200,1511.00,1524.00,465.00,469.00
2010-08-13,1215.00,1214.25,18.0600,1538.00,1527.00,475.00,473.00
2010-08-16,1222.00,1223.50,18.2000,1533.00,1534.00,480.00,482.00
2010-08-17,1226.25,1226.00,18.5400,1544.00,1541.00,490.00,494.00
2010-08-18,1223.00,1218.00,18.3600,1543.00,1537.00,494.00,490.00
2010-08-19,1228.00,1233.50,18.4500,1536.00,1540.00,489.00,494.00
2010-08-20,1230.50,1223.50,18.1400,1517.00,1512.00,483.00,478.00
2010-08-23,1227.00,1226.00,17.9400,1506.50,1510.00,476.00,480.00
2010-08-24,1218.00,1222.00,17.8800,1497.00,1494.00,476.00,476.00
2010-08-25,1237.50,1237.50,18.6300,1521.00,1516.00,487.00,490.50
2010-08-26,1240.25,1237.00,19.1100,1534.00,1531.00,501.00,502.00
2010-08-27,1234.50,1235.00,19.0300,1530.00,1530.00,500.00,503.00
2010-08-31,1233.50,1246.00,18.8700,1513.00,1515.00,487.50,494.00
2010-09-01,1250.00,1246.50,19.4700,1528.00,1531.00,508.00,519.50
2010-09-02,1247.75,1248.50,19.4500,1538.00,1550.00,519.00,521.00
2010-09-03,1252.00,1240.50,19.6600,1555.00,1553.00,526.00,524.00
2010-09-06,1249.50,1249.00,19.8600,1565.00,1562.00,529.00,529.00
2010-09-07,1247.25,1256.75,19.6500,1552.00,1556.00,524.00,529.00
2010-09-08,1258.00,1255.00,20.0200,1554.00,1555.00,524.00,523.00
2010-09-09,1253.50,1255.00,19.9700,1553.00,1552.00,522.00,523.00
2010-09-10,1248.75,1246.50,19.9000,,1545.00,523.00,518.00
2010-09-13,1248.75,1246.50,19.9000,1553.00,1545.00,523.00,518.00
2010-09-14,1253.25,1265.50,20.3100,1570.00,1569.00,543.00,544.00
2010-09-15,1270.40,1267.00,20.4400,1590.00,1584.50,551.00,546.00
2010-09-16,1271.25,1272.50,20.7600,1595.00,1602.00,551.00,554.00
2010-09-17,1281.50,1274.00,20.8500,1619.00,1618.00,554.00,547.00
2010-09-20,1280.25,1279.25,20.9100,1623.00,1616.00,543.00,536.00
2010-09-21,1278.75,1275.00,20.7600,1616.00,1615.00,534.00,530.00
2010-09-22,1291.75,1293.50,21.0800,1628.00,1632.00,537.00,543.00
2010-09-23,1291.50,1290.75,21.0800,1632.00,1631.00,542.00,541.00
2010-09-24,1298.00,1297.00,21.3500,1644.00,1645.00,558.00,562.00
2010-09-27,1298.25,1297.00,21.5400,1640.00,1634.00,557.00,558.00
2010-09-28,1289.00,1294.00,21.1650,1612.00,1614.00,543.00,552.00
2010-09-29,1307.50,1307.50,21.8700,1645.00,1647.00,566.00,564.00
2010-09-30,1311.00,1307.00,22.0700,1650.00,1662.00,568.00,573.00
2010-10-01,1313.00,1316.25,21.9500,1669.00,1679.00,570.00,571.00
2010-10-04,1316.00,1313.50,22.0300,1668.00,1667.00,566.00,565.00
2010-10-05,1325.75,1330.50,22.2400,1681.00,1689.00,566.00,569.00
2010-10-06,1347.00,1346.50,22.9200,1701.00,1694.00,589.00,583.00
2010-10-07,1359.50,1345.00,23.3800,1720.00,1723.00,601.00,598.00
2010-10-08,1330.50,1341.50,22.3700,1688.00,1683.00,575.00,572.00
2010-10-11,1348.50,1351.50,23.3100,1697.00,1686.00,588.00,584.00
2010-10-12,1343.50,1348.50,23.0300,1676.00,1685.50,580.00,585.00
2010-10-13,1358.50,1365.50,23.5300,1698.00,1696.00,593.00,587.00
2010-10-14,1380.75,1373.25,24.4900,1713.00,1708.00,595.00,598.00
2010-10-15,1377.25,1367.50,24.4200,1701.00,1691.00,597.00,591.00
2010-10-18,1359.75,1367.25,24.0200,1677.00,1686.00,574.00,582.00
2010-10-19,1367.75,1339.00,24.2600,1695.00,1672.00,586.00,571.00
2010-10-20,1340.50,1339.00,23.7100,1674.00,1670.00,576.00,581.00
2010-10-21,1345.25,1343.50,23.9000,1686.00,1682.00,596.00,596.00
2010-10-22,1319.00,1322.50,23.0500,1661.00,1673.00,583.00,586.00
2010-10-25,1345.00,1337.50,23.7100,1696.00,1702.00,607.00,611.00
2010-10-26,1334.00,1329.50,23.4800,1693.00,1696.00,607.00,608.00
2010-10-27,1332.25,1324.50,23.7700,1698.00,1695.00,624.00,622.00
2010-10-28,1326.50,1333.50,23.7300,1684.00,1685.00,625.00,626.00
2010-10-29,1336.75,1346.75,23.9600,1683.00,1700.00,629.00,640.00
2010-11-01,1361.50,1354.50,24.9100,1718.00,1715.00,655.00,644.00
2010-11-02,1358.00,1351.00,24.7300,1714.00,1718.00,653.00,650.00
2010-11-03,1358.50,1345.50,25.0000,1713.00,1709.00,641.00,638.00
2010-11-04,1361.00,1381.00,25.3800,1739.00,1740.00,669.00,668.00
2010-11-05,1384.25,1395.50,26.1400,1760.00,1764.00,678.00,687.00
2010-11-08,1390.00,1388.50,26.7200,1754.00,1752.00,686.00,694.00
2010-11-09,1416.25,1421.00,28.5500,1780.00,1786.00,721.00,730.00
2010-11-10,1402.00,1390.50,27.5300,1774.00,1768.00,714.00,714.00
2010-11-11,1413.00,1398.50,27.7500,1765.00,1754.00,714.00,715.00
2010-11-12,1387.00,1388.50,26.7900,1705.00,1712.00,684.00,703.00
2010-11-15,1367.00,1368.50,26.0100,1675.00,1675.00,671.00,675.00
2010-11-16,1363.25,1349.00,25.4800,1670.00,1658.00,673.00,661.00
2010-11-17,1336.50,1337.50,25.2000,1639.50,1637.00,639.00,649.00
2010-11-18,1356.75,1350.25,26.5700,1658.00,1656.00,683.00,684.00
2010-11-19,1357.50,1342.50,27.0700,1665.00,1650.00,701.00,695.00
2010-11-22,1357.50,1356.50,27.4200,1666.00,1657.00,710.00,700.00
2010-11-23,1361.00,1377.50,27.3100,1662.00,1640.00,685.00,674.00
2010-11-24,1376.25,1372.50,27.4100,1657.00,1662.00,693.00,694.00
2010-11-25,1370.50,1373.25,27.4400,1655.00,1655.00,693.00,697.00
2010-11-26,1366.50,1355.00,26.6200,1642.00,1639.00,683.00,670.00
2010-11-29,1360.00,1357.00,26.7400,1655.00,1636.00,688.00,680.00
2010-11-30,1375.00,1383.50,27.1300,1651.00,1658.00,697.00,702.00
2010-12-01,1391.50,1385.50,28.7400,1673.00,1675.00,707.00,716.00
2010-12-02,1390.00,1389.00,28.5000,1710.00,1700.00,749.00,741.00
2010-12-03,1391.75,1403.50,28.7400,1721.00,1718.00,763.00,758.00
2010-12-06,1411.50,1415.25,29.6000,1729.00,1717.00,765.00,759.00
2010-12-07,1426.00,1420.00,30.5000,1721.00,1724.00,762.00,769.50
2010-12-08,1395.00,1385.50,29.0200,1686.00,1683.00,737.00,729.00
2010-12-09,1382.00,1391.25,28.4100,1686.00,1691.00,737.00,746.00
2010-12-10,1390.00,1375.25,28.7900,1681.00,1673.00,742.00,737.00
2010-12-13,1388.25,1399.00,29.3300,1690.00,1699.00,746.00,761.00
2010-12-14,1405.00,1394.50,29.8800,1711.00,1701.00,759.00,758.00
2010-12-15,1388.25,1388.75,29.0600,1697.00,1701.00,756.00,752.00
2010-12-16,1384.00,1363.00,29.1500,1703.00,1700.00,753.00,745.00
2010-12-17,1374.75,1368.50,28.7800,1705.00,1696.00,745.00,738.00
2010-12-20,1381.00,1380.00,29.2100,1700.00,1704.00,742.00,747.00
2010-12-21,1386.00,1383.00,29.2500,1715.00,1717.00,750.00,749.00
2010-12-22,1389.00,1387.00,29.3500,1725.00,1728.00,755.00,757.00
2010-12-23,1384.00,1373.50,29.1800,1729.00,1720.00,750.00,752.00
2010-12-24,1380.50,,29.0700,1725.00,,764.00,
2010-12-29,1403.50,1412.50,30.4400,1750.00,1745.00,788.00,791.00
2010-12-30,1411.50,1405.50,30.7000,1760.00,1755.00,797.00,797.00
2010-12-31,1410.25,,30.6300,1731.00,,791.00,
2011-01-04,1405.50,1388.50,30.6700,1768.00,1753.00,792.00,784.00
2011-01-05,1382.75,1368.00,29.2100,1735.00,1722.00,764.00,754.00
2011-01-06,1376.00,1368.50,29.0800,1735.00,1731.00,770.00,766.00
2011-01-07,1358.00,1367.00,28.3900,1716.00,1735.00,741.00,754.00
2011-01-10,1368.25,1368.25,28.7900,1739.00,1742.00,750.00,753.00
2011-01-11,1381.00,1374.00,29.5400,1748.00,1758.00,762.00,778.00
2011-01-12,1383.50,1378.75,29.6000,1789.00,1793.00,805.00,803.00
2011-01-13,1380.75,1381.50,29.2200,1798.00,1824.00,815.00,819.00
2011-01-14,1369.25,1367.00,28.5200,1810.00,1811.00,802.00,795.00
2011-01-17,1357.50,1360.50,28.1900,1806.00,1803.00,786.00,790.00
2011-01-18,1368.75,1369.50,28.7900,1823.00,1824.00,806.00,805.00
2011-01-19,1373.75,1372.00,29.3200,1846.00,1845.00,823.00,824.00
2011-01-20,1364.50,1345.50,28.4100,1823.00,1809.00,815.00,805.00
2011-01-21,1344.00,1343.50,27.1400,1812.00,1817.00,808.00,814.00
2011-01-24,1347.50,1343.00,27.5600,1824.00,1822.00,818.00,816.00
2011-01-25,1326.00,1324.00,26.7000,1787.00,1787.00,786.00,786.00
2011-01-26,1335.50,1328.00,27.1000,1800.00,1791.00,797.00,790.00
2011-01-27,1337.50,1334.50,27.3900,1803.00,1807.00,809.00,814.00
2011-01-28,1316.00,1319.00,26.6800,1790.00,1784.00,803.00,806.00
2011-01-31,1333.50,1327.00,27.7500,1789.00,1781.00,811.00,806.00
2011-02-01,1337.50,1331.50,28.3200,1808.00,1812.00,820.00,822.00
2011-02-02,1337.00,1337.00,28.2700,1830.00,1830.00,823.00,819.00
2011-02-03,1332.50,1328.00,28.3000,1826.00,1828.00,809.00,808.00
2011-02-04,1347.50,1355.00,28.9100,1833.00,1838.00,812.00,813.00
2011-02-07,1347.00,1347.50,29.2100,1842.00,1845.00,818.00,820.00
2011-02-08,1354.00,1363.50,29.4200,1853.00,1848.00,828.00,823.00
2011-02-09,1362.50,1365.00,30.2200,1863.00,1858.00,836.00,835.00
2011-02-10,1358.75,1353.25,29.8000,1834.00,1831.00,818.00,822.00
2011-02-11,1359.00,1364.00,30.0000,1830.00,1829.00,820.00,822.00
2011-02-14,1356.75,1365.00,30.1600,1824.00,1830.00,824.00,824.00
2011-02-15,1372.25,1372.75,30.7200,1840.00,1842.00,837.00,845.00
2011-02-16,1374.50,1371.25,30.7700,1838.00,1828.00,842.00,840.00
2011-02-17,1377.00,1379.00,30.6100,1826.00,1834.00,837.00,839.00
2011-02-18,1385.50,1383.50,31.9400,1833.00,1836.00,843.00,847.00
2011-02-21,1399.50,1403.00,33.4300,1847.00,1847.00,859.00,858.00
2011-02-22,1394.50,1401.00,32.8900,1823.00,1821.00,837.00,836.00
2011-02-23,1401.25,1409.25,33.2900,1804.00,1794.00,814.00,809.00
2011-02-24,1414.50,1411.50,33.2800,1772.00,1772.00,767.00,770.00
2011-02-25,1405.00,1402.50,32.5400,1787.00,1791.00,778.00,785.00
2011-02-28,1409.75,1411.00,33.4900,1807.00,1804.00,790.00,790.00
2011-03-01,1414.50,1420.75,34.3700,1809.00,1828.00,804.00,812.00
2011-03-02,1430.50,1435.50,34.7500,1837.00,1846.00,814.00,821.00
2011-03-03,1430.50,1421.50,34.5300,1846.00,1841.00,823.00,817.00
2011-03-04,1418.00,1427.00,34.4300,1831.00,1828.00,811.00,811.00
2011-03-07,1437.00,1437.50,36.6000,1838.00,1838.00,814.00,810.00
2011-03-08,1435.00,1426.25,36.3700,1815.00,1808.00,789.00,781.00
2011-03-09,1431.50,1431.00,36.1700,1813.00,1811.00,798.00,800.00
2011-03-10,1424.25,1413.25,35.1900,1790.00,1778.00,770.00,769.00
2011-03-11,1409.75,1411.50,34.1000,1768.00,1777.00,756.00,754.00
2011-03-14,1424.50,1422.25,36.1800,1759.00,1762.00,756.00,752.00
2011-03-15,1407.00,1400.50,33.8800,1720.50,1711.00,723.00,700.00
2011-03-16,1398.50,1402.00,34.7300,1696.00,1726.00,711.00,719.00
2011-03-17,1403.50,1403.75,34.4700,1698.00,1697.00,708.00,712.00
2011-03-18,1415.50,1420.00,35.1500,1719.00,1720.00,722.00,727.00
2011-03-21,1427.75,1432.00,36.1600,1740.00,1741.00,741.00,743.00
2011-03-22,1425.50,1426.00,35.9500,1744.00,1736.00,738.00,739.00
2011-03-23,1433.00,1439.50,36.5800,1741.00,1744.00,742.00,739.00
2011-03-24,1441.25,1447.00,37.7800,1753.00,1762.00,747.00,758.00
2011-03-25,1434.00,1436.00,37.6800,1746.00,1752.00,749.00,754.00
2011-03-28,1420.00,1417.00,36.6200,1728.00,1730.00,740.00,742.00
2011-03-29,1414.00,1417.50,36.6200,1745.00,1745.00,744.00,743.00
2011-03-30,1419.00,1425.50,37.5300,1752.00,1760.00,758.00,757.00
2011-03-31,1431.00,1439.00,37.8700,1775.00,1773.00,761.00,766.00
2011-04-01,1434.50,1418.00,37.6300,1779.00,1773.00,768.00,772.00
2011-04-04,1432.50,1435.50,38.4600,1779.00,1781.00,780.00,785.00
2011-04-05,1434.50,1433.50,38.0800,1788.00,1787.00,785.00,780.00
2011-04-06,1457.00,1461.50,39.6300,1796.00,1808.00,787.00,793.50
2011-04-07,1456.50,1459.50,39.5100,1787.00,1780.00,784.00,778.00
2011-04-08,1470.50,1469.50,40.2200,1810.00,1803.00,789.00,798.00
2011-04-11,1469.50,1468.00,41.3700,1804.00,1802.00,795.00,795.00
2011-04-12,1461.25,1450.50,40.4400,1790.00,1785.00,785.00,783.00
2011-04-13,1458.00,1457.50,40.2200,1783.00,1786.00,771.00,773.00
2011-04-14,1457.50,1465.75,40.6700,1784.00,1772.00,771.00,763.00
2011-04-15,1472.50,1476.75,42.6100,1790.00,1787.00,769.00,772.00
2011-04-18,1484.50,1493.00,42.7900,1786.00,1778.00,762.00,749.00
2011-04-19,1495.00,1490.50,43.2200,1782.00,1780.00,736.00,737.00
2011-04-20,1505.00,1501.00,44.7900,1788.00,1804.00,751.00,759.00
2011-04-21,1507.00,1504.00,46.2600,1814.00,1812.00,771.00,765.00
2011-04-26,1505.00,1497.50,45.4800,1809.00,1812.00,753.50,754.00
2011-04-27,1508.00,1511.00,45.3000,1807.00,1812.00,750.00,754.00
2011-04-28,1531.00,1535.50,48.7000,1820.00,1835.00,769.00,777.00
2011-05-03,1546.50,1540.25,43.6100,1858.00,1858.00,774.00,775.00
2011-05-04,1536.00,1541.00,40.2900,1853.00,1841.00,772.00,767.00
2011-05-05,1514.50,1511.00,37.8400,1822.00,1802.00,739.00,729.00
2011-05-06,1487.75,1486.50,34.2000,1787.00,1789.00,717.00,721.00
2011-05-09,1505.00,1502.00,38.0000,1796.00,1791.00,732.00,726.00
2011-05-10,1517.25,1513.50,38.4000,1798.00,1793.00,733.00,733.00
2011-05-11,1524.50,1508.00,39.1800,1803.00,1793.00,734.00,725.00
2011-05-12,1488.25,1489.50,32.5000,1755.00,1760.00,706.00,715.00
2011-05-13,1511.00,1505.75,36.2000,1778.00,1774.00,723.00,718.00
2011-05-16,1495.00,1500.75,34.3500,1756.00,1760.00,708.00,713.00
2011-05-17,1495.50,1478.50,34.2800,1771.00,1760.00,716.00,713.00
2011-05-18,1491.25,1496.50,34.5900,1773.00,1753.00,731.00,730.00
2011-05-19,1488.75,1493.00,35.7500,1769.00,1766.00,725.00,736.00
2011-05-20,1502.75,1490.75,34.8000,1770.00,1767.00,731.00,734.00
2011-05-23,1508.50,1510.50,34.7000,1757.00,1750.00,728.00,723.00
2011-05-24,1520.75,1527.00,35.8500,1761.00,1759.00,737.00,739.00
2011-05-25,1527.00,1526.25,37.1700,1767.00,1774.00,738.00,744.00
2011-05-26,1521.50,1518.50,36.9500,1777.00,1779.00,747.00,755.00
2011-05-27,1525.00,1533.00,37.6900,1781.00,1786.00,754.00,757.00
2011-05-31,1537.00,1536.50,38.6500,1821.00,1828.00,775.00,777.00
2011-06-01,1532.25,1533.75,37.9500,1819.00,1828.00,773.00,780.00
2011-06-02,1540.75,1539.50,37.2200,1818.00,1823.00,771.00,775.00
2011-06-03,1531.00,1540.00,35.1900,1816.00,1807.00,772.00,770.00
2011-06-06,1542.75,1549.00,36.8700,1820.00,1819.00,787.00,789.00
2011-06-07,1548.40,1545.00,37.4100,,1824.00,796.00,804.00
2011-06-08,1535.50,1537.75,36.2200,1818.00,1818.00,802.00,799.00
2011-06-09,1534.00,1537.75,37.0300,1820.00,1831.00,806.00,810.00
2011-06-10,1541.00,1529.25,37.3800,1842.00,1829.00,817.00,
2011-06-13,1524.70,1526.25,35.5100,1820.00,1815.00,808.00,806.00
2011-06-14,1519.00,1516.00,34.6800,1804.00,1796.00,805.00,794.00
2011-06-15,1517.75,1529.75,35.2600,1789.00,1784.00,790.00,785.00
2011-06-16,1525.00,1523.25,35.5500,1767.00,1754.00,768.00,758.00
2011-06-17,1526.25,1537.50,35.3900,1747.00,1751.00,744.00,754.00
2011-06-20,1537.00,1544.00,35.5800,1746.00,1727.00,742.00,738.00
2011-06-21,1543.00,1544.75,36.2200,1748.00,1740.00,755.00,761.00
2011-06-22,1546.00,1552.50,35.9100,1747.00,1749.00,766.00,767.50
2011-06-23,1541.50,1523.00,36.0100,1728.00,1707.00,757.00,744.00
2011-06-24,1521.00,1514.75,34.7300,1706.00,1696.00,744.00,739.00
2011-06-27,1501.00,1498.00,34.0100,1674.00,1679.00,729.00,724.00
2011-06-28,1502.50,1499.00,33.9600,1691.00,1692.00,734.00,734.00
2011-06-29,1506.00,1504.25,34.3900,1710.00,1716.00,742.00,743.00
2011-06-30,1508.00,1505.50,35.0200,1724.00,1722.00,759.00,761.00
2011-07-01,1492.75,1483.00,33.8500,1703.00,1708.00,752.00,750.00
2011-07-04,1495.25,1495.00,34.1000,1720.00,1722.00,758.00,758.00
2011-07-05,1498.75,1510.00,34.7600,1720.00,1731.00,759.00,772.00
2011-07-06,1515.80,1527.25,35.3800,1738.00,1743.00,776.00,776.00
2011-07-07,1526.25,1527.50,35.8600,1724.00,1734.00,770.00,779.00
2011-07-08,1526.00,1541.50,36.2800,1745.00,1740.00,782.00,776.00
2011-07-11,1543.50,1555.50,36.3600,1727.00,1731.00,768.00,770.00
2011-07-12,1544.50,1550.50,34.9100,1715.00,1723.00,756.00,757.00
2011-07-13,1571.50,1579.00,36.7500,1744.00,1750.00,772.00,778.00
2011-07-14,1592.50,1590.50,39.4000,1770.00,1777.00,785.00,788.00
2011-07-15,1578.50,1587.00,38.1700,1754.00,1760.00,774.00,777.00
2011-07-18,1598.25,1599.00,40.3300,1765.00,1765.00,785.00,786.00
2011-07-19,1602.00,1601.00,40.3200,1784.00,1773.00,796.00,792.00
2011-07-20,1584.25,1586.00,38.5900,1773.00,1764.00,793.00,789.00
2011-07-21,1600.50,1601.00,39.7800,1779.00,1780.00,795.00,799.00
2011-07-22,1588.00,1602.00,39.6700,1785.00,1793.00,805.00,807.00
2011-07-25,1618.50,1613.50,40.7800,1787.00,1791.00,806.00,802.50
2011-07-26,1610.00,1612.75,40.3400,1786.00,1787.00,811.00,812.00
2011-07-27,1621.00,1625.00,40.8100,1810.00,1814.00,838.00,842.00
2011-07-28,1617.50,1613.50,40.1900,1790.00,1790.00,830.00,829.00
2011-07-29,1613.75,1628.50,39.6300,1782.00,1779.00,827.00,824.00
2011-08-01,1613.50,1623.00,39.3100,1796.00,1798.00,840.00,842.00
2011-08-02,1624.00,1637.75,39.7300,1790.00,1793.00,831.00,824.00
2011-08-03,1667.50,1669.25,41.0400,1796.00,1782.00,824.00,808.00
2011-08-04,1664.25,1679.50,41.6200,1757.00,1753.00,788.50,782.50
2011-08-05,1665.00,1658.75,39.2400,1700.00,1709.00,739.00,742.00
2011-08-08,1709.75,1693.00,39.8600,1716.00,1725.00,730.00,733.00
2011-08-09,1770.00,1736.00,38.3600,1723.00,1734.00,722.00,735.00
2011-08-10,1753.75,1772.00,38.3100,1757.00,1754.00,747.00,741.00
2011-08-11,1786.00,1760.00,39.1800,1781.00,1780.00,736.00,732.00
2011-08-12,1755.00,1736.00,38.2900,1790.00,1800.00,737.00,747.00
2011-08-15,1738.00,1739.00,39.1800,1793.00,1790.00,753.00,752.00
2011-08-16,1779.00,1782.50,39.3600,1813.00,1811.00,746.00,749.00
2011-08-17,1792.00,1790.00,40.0200,1829.00,1841.00,759.00,778.00
2011-08-18,1794.50,1824.00,40.3200,1841.00,1836.00,777.00,766.00
2011-08-19,1862.00,1848.00,41.9800,1871.00,1855.00,747.00,750.00
2011-08-22,1877.75,1877.50,43.4900,1894.00,1887.00,754.00,756.00
2011-08-23,1886.50,1876.00,42.8800,1899.00,1886.00,764.00,762.00
2011-08-24,1850.00,1770.00,42.0800,1870.00,1862.00,762.00,759.00
2011-08-25,1716.50,1729.00,39.0000,1805.00,1800.00,748.00,746.00
2011-08-26,1787.00,1788.00,41.0600,1824.00,1812.00,747.00,747.00
2011-08-30,1791.00,1825.00,40.9000,1830.00,1840.00,757.00,767.00
2011-08-31,1826.00,1813.50,41.3500,1855.50,1845.00,780.00,783.00
2011-09-01,1815.50,1821.00,41.4700,1850.00,1843.00,786.00,777.00
2011-09-02,1854.00,1875.25,42.5000,1858.00,1873.00,786.00,785.00
2011-09-05,1896.50,1895.00,42.7100,1881.00,1872.00,776.00,763.00
2011-09-06,1891.00,1895.00,41.8500,1877.00,1866.00,766.00,761.00
2011-09-07,1844.00,1810.00,40.9800,1837.00,1822.00,749.00,747.00
2011-09-08,1827.00,1855.00,42.1400,1834.00,1848.00,757.00,762.00
2011-09-09,1879.50,1851.50,41.4000,1857.00,1842.00,762.00,748.00
2011-09-12,1843.00,1834.00,40.8100,1831.00,1810.00,732.00,723.00
2011-09-13,1806.00,1820.00,40.0200,1818.00,1815.00,715.00,721.00
2011-09-14,1829.00,1818.50,41.2300,1811.00,1815.50,721.00,723.00
2011-09-15,1806.00,1782.00,40.3400,1800.00,1792.00,717.00,716.00
2011-09-16,1778.00,1794.00,39.9700,1799.00,1798.00,735.00,732.00
2011-09-19,1817.00,1794.00,40.4600,1813.00,1798.00,726.00,721.00
2011-09-20,1792.00,1799.00,39.1800,1782.00,1774.00,718.00,717.00
2011-09-21,1810.25,1793.00,40.2500,1784.00,1779.00,716.00,718.00
2011-09-22,1765.50,1722.00,37.8500,1736.00,1725.00,675.00,659.00
2011-09-23,1730.00,1689.00,32.9000,1695.00,1651.00,665.00,659.00
2011-09-26,1615.00,1598.00,28.1600,1542.00,1570.00,628.00,639.00
2011-09-27,1671.00,1659.00,33.5000,1582.00,1568.00,647.00,647.00
2011-09-28,1655.00,1643.00,31.0400,1559.00,1556.00,650.00,644.00
2011-09-29,1620.00,1613.00,30.1900,1542.00,1530.00,626.00,621.00
2011-09-30,1629.00,1620.00,30.4500,1538.00,1511.00,627.00,614.00
2011-10-03,1660.00,1655.50,31.0500,1520.00,1501.00,604.00,595.00
2011-10-04,1672.00,1638.00,30.6000,1484.00,1481.00,592.00,588.00
2011-10-05,1600.00,1617.00,28.6900,1442.00,1444.00,561.00,549.00
2011-10-06,1649.50,1635.00,31.8000,1504.00,1495.00,595.00,588.00
2011-10-07,1651.00,1652.00,31.9800,1521.00,1529.00,598.00,609.00
2011-10-10,1664.00,1661.00,32.2300,,1513.00,615.00,612.00
2011-10-11,1662.00,1663.00,31.3700,1518.00,1514.00,605.00,602.00
2011-10-12,1687.00,1682.00,32.8900,1543.00,1546.00,614.00,612.00
2011-10-13,1673.00,1656.00,31.9700,1541.00,1535.00,605.00,604.00
2011-10-14,1676.00,1678.00,31.8200,1546.00,1553.00,605.00,614.00
2011-10-17,1689.00,1682.00,32.3000,1574.00,1570.00,642.00,635.00
2011-10-18,1658.00,1631.00,31.0000,1526.00,1523.00,606.00,606.00
2011-10-19,1651.00,1652.50,31.9700,1525.00,1532.00,614.00,624.00
2011-10-20,1629.00,1620.00,30.7900,1490.00,1490.00,597.00,595.00
2011-10-21,1623.00,1642.50,30.8000,1491.00,1510.00,596.00,616.00
2011-10-24,1651.00,1652.00,31.7000,1522.00,1537.00,622.00,631.00
2011-10-25,1656.25,1656.00,32.0000,1554.00,1543.00,643.00,637.00
2011-10-26,1713.00,1715.00,33.3000,1566.00,1580.00,648.00,649.50
2011-10-27,1708.00,1718.00,33.5500,1603.00,1608.00,653.00,654.10
2011-10-28,1735.00,1741.00,35.4200,1645.00,1629.00,667.00,659.00
2011-10-31,1718.00,1722.00,34.2400,1606.00,1606.00,651.00,653.00
2011-11-01,1702.00,1699.00,32.9700,1581.00,1572.00,635.00,631.00
2011-11-02,1731.00,1743.00,33.8300,1595.00,1609.00,641.00,646.00
2011-11-03,1732.50,1758.00,34.7200,1595.00,1625.00,646.00,661.00
2011-11-04,1756.00,1749.00,33.9500,1640.00,1623.50,658.00,652.00
2011-11-07,1764.00,1782.00,34.4800,1627.00,1634.00,650.00,659.00
2011-11-08,1794.00,1795.00,34.6400,1661.00,1661.00,672.00,673.00
2011-11-09,1780.00,1784.00,34.5800,1651.00,1650.00,662.00,662.00
2011-11-10,1766.00,1756.00,33.7100,1628.00,1627.00,645.00,648.00
2011-11-11,1764.00,1773.00,33.7700,1626.00,1628.00,648.00,651.00
2011-11-14,1780.50,1776.00,34.3800,1650.00,1646.00,659.00,660.00
2011-11-15,1765.00,1785.00,34.0200,1630.00,1629.00,656.00,661.00
2011-11-16,1773.00,1756.00,34.4500,1630.00,1628.00,659.00,655.00
2011-11-17,1756.00,1742.50,33.3000,1618.00,1607.00,642.00,635.00
2011-11-18,1730.00,1719.00,32.2500,1595.00,1594.00,610.00,608.00
2011-11-21,1704.00,1702.00,30.9000,1574.00,1567.00,595.00,592.00
2011-11-22,1697.50,1699.00,31.8500,1557.00,1554.00,591.00,588.00
2011-11-23,1686.00,1681.00,31.5100,1557.00,1554.00,594.00,587.00
2011-11-24,1699.00,1692.50,31.9400,1549.00,1543.00,587.00,583.00
2011-11-25,1676.00,1688.50,31.2400,1535.00,1529.00,570.00,572.00
2011-11-28,1714.00,1714.00,32.0000,1557.00,1558.00,593.00,595.00
2011-11-29,1717.00,1717.00,31.9600,1542.00,1537.00,583.00,582.00
2011-11-30,1704.00,1746.00,31.3500,1515.00,1558.00,574.00,620.00
2011-12-01,1750.00,1752.00,33.2800,1552.00,1561.00,613.00,633.00
2011-12-02,1751.00,1747.00,33.1500,1559.00,1559.00,657.00,653.00
2011-12-05,1744.00,1744.00,32.4800,1545.00,1534.00,650.00,642.00
2011-12-06,1720.00,1708.00,31.8500,1514.00,1505.00,632.00,638.00
2011-12-07,1731.00,1735.50,32.4500,1531.00,1518.00,676.00,681.00
2011-12-08,1739.00,1715.00,32.6400,1517.00,1517.00,672.00,675.00
2011-12-09,1712.00,1709.00,32.0000,1491.00,1496.00,665.00,670.00
2011-12-12,1680.00,1659.50,31.2200,1492.00,1485.00,668.00,663.00
2011-12-13,1665.00,1672.50,31.3400,1493.00,1492.00,654.00,661.00
2011-12-14,1635.00,1603.00,29.9200,1476.00,1454.00,642.00,617.00
2011-12-15,1590.00,1574.00,28.8000,1398.00,1415.00,614.00,623.50
2011-12-16,1589.50,1594.00,29.7800,1426.50,1424.00,627.00,624.00
2011-12-19,1593.00,1598.00,28.7800,1416.00,1419.00,623.00,627.00
2011-12-20,1605.00,1613.50,29.2800,1420.00,1425.00,617.00,620.00
2011-12-21,1637.50,1608.00,29.7500,1447.00,1425.00,635.00,632.00
2011-12-22,1609.00,1606.50,29.3000,1429.00,1414.00,632.00,631.00
2011-12-23,1607.50,,29.2200,1436.00,,653.00,
2011-12-28,1584.00,1571.00,28.6500,1415.00,1408.00,658.00,655.00
2011-12-29,1537.50,1531.00,26.1600,1364.00,1354.00,636.00,630.00
2011-12-30,1574.50,,28.1800,1381.00,,636.00,
